GAUNQMIH6WOF7CRZWBTHIU4EZFOQEJSJE4PGXY673EFRCJKEQEXNNRPK,GAUNQMIH6WOF7CRZWBTHIU4EZFOQEJSJE4PGXY673EFRCJKEQEXNNRPK,BLND-USDC-LP,28716,Amount below threshold
GBCXNIUTZENFMJXI7Y4CVOK3OARE5GHAZPSZ2O6CRZYXW6CTR6T2IQFM,GBCXNIUTZENFMJXI7Y4CVOK3OARE5GHAZPSZ2O6CRZYXW6CTR6T2IQFM,BLND-USDC-LP,4123,Amount below threshold
GC4V7DAIR5QQ6OMQV2TNC22I54PNCKLXA6WW2VK4NFPR6H2XIGNF6MUZ,GC4V7DAIR5QQ6OMQV2TNC22I54PNCKLXA6WW2VK4NFPR6H2XIGNF6MUZ,BLND-USDC-LP,0,Amount below threshold
GDMY4247UFHZMP7SFQXZ5CBHOJMDVZQE3ENJM7JF7ZR4DQ2TWIPKZU3E,GDMY4247UFHZMP7SFQXZ5CBHOJMDVZQE3ENJM7JF7ZR4DQ2TWIPKZU3E,BLND-USDC-LP,0,Amount below threshold
GANMIQKRY5IBWVW2LRSQENMM2QMYBZCA7JYDRKMLQFS5PRV34ZDWQBRO,GANMIQKRY5IBWVW2LRSQENMM2QMYBZCA7JYDRKMLQFS5PRV34ZDWQBRO,BLND-USDC-LP,0,Amount below threshold
GBUGHJ3PSF4WBN6CNBXJMKFFPUEH6JWP3H5WKZNDMGPRS2C72MGJU3JP,GBUGHJ3PSF4WBN6CNBXJMKFFPUEH6JWP3H5WKZNDMGPRS2C72MGJU3JP,BLND-USDC-LP,0,Amount below threshold
GABWDIZNURBP3DQYI7IUXU2GQSSZWY5R6FYDXX5NQ64QEUAUYFEGM57O,GABWDIZNURBP3DQYI7IUXU2GQSSZWY5R6FYDXX5NQ64QEUAUYFEGM57O,BLND-USDC-LP,0,Amount below threshold
GDG7PTG6J62HPE74BVWNSQWTPSZKBXN6RRUKJRDEEXPSC2OTXXVLIANW,GDG7PTG6J62HPE74BVWNSQWTPSZKBXN6RRUKJRDEEXPSC2OTXXVLIANW,BLND-USDC-LP,0,Amount below threshold
GB4DNA2POXXWS6ICI7PX7Z3MPKTIKXBLOK6OVQA7ANTF4EY6RAND6HHX,GB4DNA2POXXWS6ICI7PX7Z3MPKTIKXBLOK6OVQA7ANTF4EY6RAND6HHX,BLND-USDC-LP,0,Amount below threshold
GCJ5SLDGO4MUP6ATCD6C42V74S5N2YLNPX77C7YY7G72EOVYIIHAXDN3,GCJ5SLDGO4MUP6ATCD6C42V74S5N2YLNPX77C7YY7G72EOVYIIHAXDN3,BLND-USDC-LP,0,Amount below threshold
GDDVWZQIFSSZYXVYSHPJS4OCMCTAV524JXRQZRRK6GHQIPRII532H2Q4,GDDVWZQIFSSZYXVYSHPJS4OCMCTAV524JXRQZRRK6GHQIPRII532H2Q4,BLND-USDC-LP,0,Amount below threshold
GAC7ZDMD54QZV5FCK3MVLQWX3ITMEDDJOZMPVQQRWLFA2CERYAMS2QCX,GAC7ZDMD54QZV5FCK3MVLQWX3ITMEDDJOZMPVQQRWLFA2CERYAMS2QCX,BLND-USDC-LP,0,Amount below threshold
GBNS6YZ3AQPXC4ARDN2M5G2BPK6C2UKSX6CZVMYGXJJYFAREJ5ML7KDA,GBNS6YZ3AQPXC4ARDN2M5G2BPK6C2UKSX6CZVMYGXJJYFAREJ5ML7KDA,BLND-USDC-LP,0,Amount below threshold
GDWVCBP4YIM43QE2VBVIEI666B4KBUZ6I7NNOENMXDF54EY36ID5OO6D,GDWVCBP4YIM43QE2VBVIEI666B4KBUZ6I7NNOENMXDF54EY36ID5OO6D,BLND-USDC-LP,0,Amount below threshold
GCYVR6JS6DLRAFF2HEC6LN7J6H6JS2VMERCTGV64RESTZAJMOHB5RHU7,GCYVR6JS6DLRAFF2HEC6LN7J6H6JS2VMERCTGV64RESTZAJMOHB5RHU7,BLND-USDC-LP,0,Amount below threshold
GC2CNV3ZP2ARORYJMPFYO56LJVVMN2QLLVCICQD24B3QMDZ5FQZVJOM7,GC2CNV3ZP2ARORYJMPFYO56LJVVMN2QLLVCICQD24B3QMDZ5FQZVJOM7,BLND-USDC-LP,0,Amount below threshold
GCEYAIUTMF6N2P3Q3ZUGQO6XF2OM7WHMAV6GNMAVQRIJSNNL5PBSUQMN,GCEYAIUTMF6N2P3Q3ZUGQO6XF2OM7WHMAV6GNMAVQRIJSNNL5PBSUQMN,BLND-USDC-LP,0,Amount below threshold
GA3FXHBMRVNTNPSOA46WTTLNAKJTKD7HOQCZ62WYOK4KJTIC46ZLITVC,GA3FXHBMRVNTNPSOA46WTTLNAKJTKD7HOQCZ62WYOK4KJTIC46ZLITVC,BLND-USDC-LP,0,Amount below threshold
GCNECWN5VZLRDQLMRXMK6UPPWAYQVDGKRF6GEMUNJBB7OB4DD47LUFSO,GCNECWN5VZLRDQLMRXMK6UPPWAYQVDGKRF6GEMUNJBB7OB4DD47LUFSO,BLND-USDC-LP,0,Amount below threshold
GBT22L436N5CRQQG52E46FJMDIPQW664Z5ABWQK3QZMHQ5HUDUIB4IJS,GBT22L436N5CRQQG52E46FJMDIPQW664Z5ABWQK3QZMHQ5HUDUIB4IJS,BLND-USDC-LP,0,Amount below threshold
GCHOTARKTHBMX4SZTE4ARWCXBHJOJRKDTNRYMXF3INFHCWDE5XH3GH4D,GCHOTARKTHBMX4SZTE4ARWCXBHJOJRKDTNRYMXF3INFHCWDE5XH3GH4D,BLND-USDC-LP,0,Amount below threshold
GCLMKVBTZFOR2KPHXWCEAJD6WUHAJP6FOVPRIK36KSS6EYN7O67POZNW,GCLMKVBTZFOR2KPHXWCEAJD6WUHAJP6FOVPRIK36KSS6EYN7O67POZNW,BLND-USDC-LP,0,Amount below threshold
GBEQD6ZCDPP5WUCGSNYE66PZR4OGWTTFU3Z72FS5YTK2DJVLRNQWVWJH,GBEQD6ZCDPP5WUCGSNYE66PZR4OGWTTFU3Z72FS5YTK2DJVLRNQWVWJH,BLND-USDC-LP,0,Amount below threshold
GA4A57QMVCHIHVLHHF2VDYDTXBCVADMDKXGIBH4A3LRTUOZVBP63EAUH,GA4A57QMVCHIHVLHHF2VDYDTXBCVADMDKXGIBH4A3LRTUOZVBP63EAUH,BLND-USDC-LP,0,Amount below threshold
GDPTWFQJ2OOY7XVQTMFTLCR5SD472LA75W6NVBWIAKXKNKTKEHYA272N,GDPTWFQJ2OOY7XVQTMFTLCR5SD472LA75W6NVBWIAKXKNKTKEHYA272N,BLND-USDC-LP,0,Amount below threshold
GCII3J2EMDREBKEQQQFSVJAE7JCCA4MEOYKCTGVD6UKIKEB2FZCSACCG,GCII3J2EMDREBKEQQQFSVJAE7JCCA4MEOYKCTGVD6UKIKEB2FZCSACCG,BLND-USDC-LP,0,Amount below threshold
GDK4G6UJ4L3Q7YE7VAXBHCLKKLLITBXCV27OKSFZIM3OKHQ2DY665RY3,GDK4G6UJ4L3Q7YE7VAXBHCLKKLLITBXCV27OKSFZIM3OKHQ2DY665RY3,BLND-USDC-LP,0,Amount below threshold
GBPPNPFEGTNSH5NYM74XNHLIRSGS5KQCTXQGINBDFEOACDEHKQP2HPI4,GBPPNPFEGTNSH5NYM74XNHLIRSGS5KQCTXQGINBDFEOACDEHKQP2HPI4,BLND-USDC-LP,0,Amount below threshold
GALQD6OACZMX3HVVWGMKPCA6ITVFVTXDANSKU67KSGWOYWXCAWWCCLVW,GALQD6OACZMX3HVVWGMKPCA6ITVFVTXDANSKU67KSGWOYWXCAWWCCLVW,BLND-USDC-LP,0,Amount below threshold
GCS253FFF5SFKRJ3EJBKIOK2UY4ZST3PXZTJPFAJWUACWFRGZ64P2CIG,GCS253FFF5SFKRJ3EJBKIOK2UY4ZST3PXZTJPFAJWUACWFRGZ64P2CIG,BLND-USDC-LP,0,Amount below threshold
GAYLXOVHX6DHKHGND5DDKZRPAUDQCMCI4DIXCQDB473RHZBHEZ5MLTZP,GAYLXOVHX6DHKHGND5DDKZRPAUDQCMCI4DIXCQDB473RHZBHEZ5MLTZP,BLND-USDC-LP,0,Amount below threshold
GAEFA3JFZP3ELPN7JB5S2VEPKB2ZUBVSYLLTARYEGBDIMXGE4CNJRZQL,GAEFA3JFZP3ELPN7JB5S2VEPKB2ZUBVSYLLTARYEGBDIMXGE4CNJRZQL,BLND-USDC-LP,0,Amount below threshold
GA2EJJUCLSOKMB7JCYQ3V7JCGPIJKDSPZUWPAQRGEPD7CGU6FAMUDWYY,GA2EJJUCLSOKMB7JCYQ3V7JCGPIJKDSPZUWPAQRGEPD7CGU6FAMUDWYY,BLND-USDC-LP,0,Amount below threshold
GDXFWL6NSDAZ34XJNJDVNJBSLAYS6VXDIVVSK76Q5EZWOYBH72GXFQFI,GDXFWL6NSDAZ34XJNJDVNJBSLAYS6VXDIVVSK76Q5EZWOYBH72GXFQFI,BLND-USDC-LP,0,Amount below threshold
GDSRQHRDLZOQJWY3Y2AWFLPQNL5BIVKO6DZD6TPLJXLYIRN27LUAJE2J,GDSRQHRDLZOQJWY3Y2AWFLPQNL5BIVKO6DZD6TPLJXLYIRN27LUAJE2J,BLND-USDC-LP,0,Amount below threshold
GCIBJKVFUXB5577F7B5XCEJJJOWXIHRBOROWNR6L3QDZKZEIQ6LSHAN5,GCIBJKVFUXB5577F7B5XCEJJJOWXIHRBOROWNR6L3QDZKZEIQ6LSHAN5,BLND-USDC-LP,0,Amount below threshold
GD6KB4YPGKONGKSPRVEOUDLSCIAD42XHCB4QWLR5AGNF2ET5T2OUZZQT,GD6KB4YPGKONGKSPRVEOUDLSCIAD42XHCB4QWLR5AGNF2ET5T2OUZZQT,BLND-USDC-LP,0,Amount below threshold
GDM4NMWIU44ZU5LWO75FNEH6S4YRA5WQ7ZNA4XFTMSRWC33WLK725C62,GDM4NMWIU44ZU5LWO75FNEH6S4YRA5WQ7ZNA4XFTMSRWC33WLK725C62,BLND-USDC-LP,0,Amount below threshold
GCA5FO3FLUVS2MOPVECPVQ6V3J5YSSQBL2ANPDYHIHRBSPPX5TLIMSX6,GCA5FO3FLUVS2MOPVECPVQ6V3J5YSSQBL2ANPDYHIHRBSPPX5TLIMSX6,BLND-USDC-LP,0,Amount below threshold
