GBEHDNG4PTYSPSN47U4NIG34OQC5CJ53DQGHGU7V5FC5C4J3MIHEDXXH,GBEHDNG4PTYSPSN47U4NIG34OQC5CJ53DQGHGU7V5FC5C4J3MIHEDXXH,XLM,0.0007118,Amount below threshold
GCSWEP2CJOQFE7TLCAOI35D6BSAOJSH6ZSLP5UWNQHTS2VRVQIDD5DKE,GCSWEP2CJOQFE7TLCAOI35D6BSAOJSH6ZSLP5UWNQHTS2VRVQIDD5DKE,XLM,0.0000049,Amount below threshold
GCDJOIQAXVS524TI73TLEH7RBOSGN3RI4FRHTNNKWPDCPV3O4QJQUO2N,GCDJOIQAXVS524TI73TLEH7RBOSGN3RI4FRHTNNKWPDCPV3O4QJQUO2N,XLM,0.0000015,Amount below threshold
GCQ6YMD7DOBCIL3R7ZRQVM2E4VSQSMJHO2VBZP7O2K7H2EOWMSNKU4NW,GCQ6YMD7DOBCIL3R7ZRQVM2E4VSQSMJHO2VBZP7O2K7H2EOWMSNKU4NW,XLM,0.0000013,Amount below threshold
GA6PLM43TPTJLPCCW5YX3VH6U43JKCFTDETPDZVHCMOHOTV23EOIFIFO,GA6PLM43TPTJLPCCW5YX3VH6U43JKCFTDETPDZVHCMOHOTV23EOIFIFO,XLM,0.0000008,Amount below threshold
GCOPNX3OCZICZ2DK6RRY5A6NXKSL423XQUUIDKCSEKWX6LG2ZHIUXTNU,GCOPNX3OCZICZ2DK6RRY5A6NXKSL423XQUUIDKCSEKWX6LG2ZHIUXTNU,XLM,0.0000008,Amount below threshold
GCRID7MSYK6YZA6ORYNOEHSZX2L6U4O2CDYIRS73EEAFXOJO733JDV44,GCRID7MSYK6YZA6ORYNOEHSZX2L6U4O2CDYIRS73EEAFXOJO733JDV44,XLM,0.0000007,Amount below threshold
GDGXDQHZKOH5SMGYYIF5HKLXZASNR47BNRYKXEJKXD6X3GVSZGMPGYME,GDGXDQHZKOH5SMGYYIF5HKLXZASNR47BNRYKXEJKXD6X3GVSZGMPGYME,XLM,0.0000005,Amount below threshold
GB3OXRDH7ULE62AI3QOK3VH34MUXXZHFYDFQ3BI7R2WAFHNVSC4R3ZLP,GB3OXRDH7ULE62AI3QOK3VH34MUXXZHFYDFQ3BI7R2WAFHNVSC4R3ZLP,XLM,0.0000003,Amount below threshold
GAYJJLHV2QQ4W4UKLQI4AKNBVMMJDK24IKYVE253FYNDN4YZMRV42HS5,GAYJJLHV2QQ4W4UKLQI4AKNBVMMJDK24IKYVE253FYNDN4YZMRV42HS5,XLM,0.0000003,Amount below threshold
