user_id,asset_id,b_token_balance_61341314,loss_61341314,b_token_balance_61342112,loss_61342112,total_loss,alternate_destination
GCA34HBKNLWN3AOXWBRW5Y3HSGHCWF3UDBRJ5YHGU6HWGJZEPO2NSXI3,CAS3J7GYLGXMF6TDJBBYYSE3HQ6BBSMLNUQ34T6TZMYMW2EVH34XOWMA,1019618170695776,530242664075425,241134455425868,1210992010422,531453656085847
GBCRDN4B6KY456PNKGPTB7OJXEHOBMMZ6EQ23TIRBMIXZUUJODL5RDYM,CAS3J7GYLGXMF6TDJBBYYSE3HQ6BBSMLNUQ34T6TZMYMW2EVH34XOWMA,46466333317570,24164371601295,19040943399094,95624784466,24259996385761
GA2GD7P5MQU2FLF5NP26UJ3KAY5XX42OTJLCG455NUEKPRHLKLJCGJKU,CAS3J7GYLGXMF6TDJBBYYSE3HQ6BBSMLNUQ34T6TZMYMW2EVH34XOWMA,14618953452682,7602446727147,0,0,7602446727147
GDIDAYNCTXAB2WD7V33B4JQMG7FU4IN4OBJKDLCNTLUIJLWN6AVJX7VL,CAS3J7GYLGXMF6TDJBBYYSE3HQ6BBSMLNUQ34T6TZMYMW2EVH34XOWMA,12796888229914,6654899159236,0,0,6654899159236
GAPU4WSJMFW6Q4G5CLADCNWFIAOGTCC5XXY3DVUA23W7ZPUIYSSGXLIQ,CAS3J7GYLGXMF6TDJBBYYSE3HQ6BBSMLNUQ34T6TZMYMW2EVH34XOWMA,4997848379927,2599083182099,253827911528878,1274739324750,3873822506849
GATVKWD4ZEZFG5JLZQIIZ3GSTZ6DDHGOMVXCIGAHXEFEX76NDDMOVBJJ,CAS3J7GYLGXMF6TDJBBYYSE3HQ6BBSMLNUQ34T6TZMYMW2EVH34XOWMA,7123772966580,3704649901924,7123772966580,35776024341,3740425926265
GDIQFXBZAS4TA5Z7JSCOLGSDFMK4UF4SPYER5IVPNRPUYFQ6U4GKVZ7P,CAS3J7GYLGXMF6TDJBBYYSE3HQ6BBSMLNUQ34T6TZMYMW2EVH34XOWMA,3675926378070,1911630306003,3675926378070,18460727510,1930091033513
GBPFUT76CUQTILFAOSTQ2PRFHIVQDG4PJESPM6DSFBZF56X5E5ZRYDAD,CAS3J7GYLGXMF6TDJBBYYSE3HQ6BBSMLNUQ34T6TZMYMW2EVH34XOWMA,3553029085541,1847718746097,3553029085541,17843529776,1865562275873
GB2DU4ZPFADD74YOWSRB4PS4UKZ6Y3M47IH4OD232HBYVCSR2FS56T6D,CAS3J7GYLGXMF6TDJBBYYSE3HQ6BBSMLNUQ34T6TZMYMW2EVH34XOWMA,2990631514867,1555249275942,2990631514867,15019134716,1570268410658
GACCBSKZSBXIJTQQ3XI6AJVWBMRJFHS2VRSN3YLUVGCR5UTTS74DMXUX,CAS3J7GYLGXMF6TDJBBYYSE3HQ6BBSMLNUQ34T6TZMYMW2EVH34XOWMA,2953987733595,1536193028454,2953987733595,14835107401,1551028135855
GCHCPJCRTNHDJ252BX3YFF6D4FTGKDNYLDAC6RZJELPDM6WFMSFVVOCL,CAS3J7GYLGXMF6TDJBBYYSE3HQ6BBSMLNUQ34T6TZMYMW2EVH34XOWMA,2153198340660,1119750174377,0,0,1119750174377
GDSOBMG4XI74JD4BO2KXLLGWH4UEOSP3NFTJ4T26RATJG5PAUV2VUKJK,CAS3J7GYLGXMF6TDJBBYYSE3HQ6BBSMLNUQ34T6TZMYMW2EVH34XOWMA,2078771019714,1081044958962,0,0,1081044958962
GAIN2HU2ITUZPLGNWSH7JXXROL7MYIWDYXCUQDMQVJXFBEBPETSZYHNF,CAS3J7GYLGXMF6TDJBBYYSE3HQ6BBSMLNUQ34T6TZMYMW2EVH34XOWMA,0,0,213737911143987,1073404886342,1073404886342
GCPIKUGS2RNSH6HAKUSIDBAVHC62QMDFUNXUTET4Q3YDDCUO5B3F7D45,CAS3J7GYLGXMF6TDJBBYYSE3HQ6BBSMLNUQ34T6TZMYMW2EVH34XOWMA,1999158961474,1039643470574,1999158961474,10039898801,1049683369375
GDWRJJNZ2LKEMSGLVVV5CXNRDUMAOCWH7A6LLHE22S55SLKAWQ7IOOPA,CAS3J7GYLGXMF6TDJBBYYSE3HQ6BBSMLNUQ34T6TZMYMW2EVH34XOWMA,1600452714275,832300105406,427310939101,2145981720,834446087126
GBLQLUATIATW47454PRIX6QHY6YFNKLX5XGJBPGVSUHRVQLOV3GNJIYO,CAS3J7GYLGXMF6TDJBBYYSE3HQ6BBSMLNUQ34T6TZMYMW2EVH34XOWMA,1520908317515,790933803724,0,0,790933803724
GAAUMMCT5PVLB5SP7FJYDXKZYDFJLXLJ34EXFREMDWOZLKYVE2PNVZWO,CAS3J7GYLGXMF6TDJBBYYSE3HQ6BBSMLNUQ34T6TZMYMW2EVH34XOWMA,1014879547417,527778388425,1014879547417,5096787273,532875175698
GDNACI5NRTKGOURFFDJDCVWSUH4PBAIDYXNBFZFXKPTOHPGHCRNPH5TF,CAS3J7GYLGXMF6TDJBBYYSE3HQ6BBSMLNUQ34T6TZMYMW2EVH34XOWMA,1022697958240,531844278091,0,0,531844278091
GA4L76V5Z6YHB7YW6NDQ5GOZZTJNSG6RHTWDFPGEP3MGZD47VWGXLOOP,CAS3J7GYLGXMF6TDJBBYYSE3HQ6BBSMLNUQ34T6TZMYMW2EVH34XOWMA,841811674582,437776098749,841811674582,4227629811,442003728560
GCQQRVD75YXVFWTURGHNQJY2G3QVNUYYAUGNRAHVRGTVXL47JP5MH6SU,CAS3J7GYLGXMF6TDJBBYYSE3HQ6BBSMLNUQ34T6TZMYMW2EVH34XOWMA,808775554189,420595980748,286164492844,1437135618,422033116366
GC6KA7G6YHD554X7AS6SCXDJ2XHP5MYMKSYPTMWBCKNV3FUWKQXEWQDH,CAS3J7GYLGXMF6TDJBBYYSE3HQ6BBSMLNUQ34T6TZMYMW2EVH34XOWMA,696163837992,362033336301,0,0,362033336301
GCHKSY7CRWGVGRH33YZGZ4PBJKA3TORPCGXNUMD6YO5EEU5NCN55HOXI,CAS3J7GYLGXMF6TDJBBYYSE3HQ6BBSMLNUQ34T6TZMYMW2EVH34XOWMA,689747866573,358696771815,128831553475,646999956,359343771771
GD2OKD73SK7OHBSJNOMJ3TFZ6HVSXSEQCZGA5NCWGWDOO6QCB277PQ2Q,CAS3J7GYLGXMF6TDJBBYYSE3HQ6BBSMLNUQ34T6TZMYMW2EVH34XOWMA,599810033663,311925463208,599810033663,3012282742,314937745950
GAGCFJNK7ETAKASG3WPPYEDHAKGUWA5NJSW7RHPX3RIJPZSPIN2XGLI3,CAS3J7GYLGXMF6TDJBBYYSE3HQ6BBSMLNUQ34T6TZMYMW2EVH34XOWMA,499859474961,259947132451,499859474961,2510324912,262457457363
GBQYSL457QPUYRPS4TEUAPO37JUU4GYK5ED4AIFNLXVIIUBRM54GMICA,CAS3J7GYLGXMF6TDJBBYYSE3HQ6BBSMLNUQ34T6TZMYMW2EVH34XOWMA,451713291941,234909171101,451713291941,2268531831,237177702932
GDZJGEJ3GUMDFYMBIE54G4MWCNCSSIWIDAWUKFKZPQ6BMDOM72V3WRB5,CAS3J7GYLGXMF6TDJBBYYSE3HQ6BBSMLNUQ34T6TZMYMW2EVH34XOWMA,414824185780,215725344755,414824185780,2083272479,217808617234
GDG7PTG6J62HPE74BVWNSQWTPSZKBXN6RRUKJRDEEXPSC2OTXXVLIANW,CAS3J7GYLGXMF6TDJBBYYSE3HQ6BBSMLNUQ34T6TZMYMW2EVH34XOWMA,399829598236,207927553116,399829598236,2007968742,209935521858
GALQD6OACZMX3HVVWGMKPCA6ITVFVTXDANSKU67KSGWOYWXCAWWCCLVW,CAS3J7GYLGXMF6TDJBBYYSE3HQ6BBSMLNUQ34T6TZMYMW2EVH34XOWMA,369835442428,192329379663,204784167237,1028438636,193357818299
GD3ZOZM4ZXSK6DQICFSWHGFRHGXQBKKV5WE45OGVFML5MAMOWIOZR2VI,CAS3J7GYLGXMF6TDJBBYYSE3HQ6BBSMLNUQ34T6TZMYMW2EVH34XOWMA,349873213942,181948213931,349873213942,1757084719,183705298650
GCNBI2AXJPGOTR4T2DOBJ4GDVYHKQCHAJ7DO4PA7C4EDW53NDKXUVHYQ,CAS3J7GYLGXMF6TDJBBYYSE3HQ6BBSMLNUQ34T6TZMYMW2EVH34XOWMA,264217416195,137403736698,0,0,137403736698
GBWN3I4L6KABFSSJB6WHRXT5CQGW3PY5RG3QCGKGQVGSR7QEJMOQJBEV,CAS3J7GYLGXMF6TDJBBYYSE3HQ6BBSMLNUQ34T6TZMYMW2EVH34XOWMA,223029313326,115984258288,223029313326,1120066878,117104325166
GABNGXVFO5LPSDJRT4NDBLS25H6TUJXPMWD5MP3GSOZ7S22SA7JWF7KX,CAS3J7GYLGXMF6TDJBBYYSE3HQ6BBSMLNUQ34T6TZMYMW2EVH34XOWMA,199918422674,103965660954,199918422674,1004002569,104969663523
GCB2NJ22PJVDRQ4WNGYD2TC2LITRULHGLG5TG6NWBIPQO64JE7OS465W,CAS3J7GYLGXMF6TDJBBYYSE3HQ6BBSMLNUQ34T6TZMYMW2EVH34XOWMA,169952535032,88382188090,169952535032,853512045,89235700135
GA3UFLITGVWIS5TI42VIOEH5KFPGJDSU77P6OJL3M2M5OD3UKJHUCVBI,CAS3J7GYLGXMF6TDJBBYYSE3HQ6BBSMLNUQ34T6TZMYMW2EVH34XOWMA,149893109035,77950475723,149893109035,752772379,78703248102
GDNREBWS4RV6TJIG67D7GENUYXXALGIECEODEOY5HRYMEWBGJGQTXUHW,CAS3J7GYLGXMF6TDJBBYYSE3HQ6BBSMLNUQ34T6TZMYMW2EVH34XOWMA,132462477732,68885842859,132462477732,665234680,69551077539
GDEUQWHIBXZTP6GJRHOWTZ5VMTSLFKLHYNFSGAH6KUJYPKIG5ZQVB53V,CAS3J7GYLGXMF6TDJBBYYSE3HQ6BBSMLNUQ34T6TZMYMW2EVH34XOWMA,120163642351,62489951314,120163642351,603469175,63093420489
GBY2DK522STEPS7LXKAVLERU4Q5JYS7D6WL6HGDEQ5HCNOFJHZRAMSTR,CAS3J7GYLGXMF6TDJBBYYSE3HQ6BBSMLNUQ34T6TZMYMW2EVH34XOWMA,119952955090,62380385422,119952955090,602411091,62982796513
GCWVUIRHWTRL2VJLX2DXL5M2MGCLJCJ2FMLPPC2HWJZQTD772B5BBYV4,CAS3J7GYLGXMF6TDJBBYYSE3HQ6BBSMLNUQ34T6TZMYMW2EVH34XOWMA,116707766978,60692756426,116707766978,586113557,61278869983
GDJSH2NU2WF6J4P5DL4522DUCABWSTZOKFQ7BHBCFYQ3QKC6FRYWP6OL,CAS3J7GYLGXMF6TDJBBYYSE3HQ6BBSMLNUQ34T6TZMYMW2EVH34XOWMA,115543684778,60087386627,115543684778,580267465,60667654092
GDIN2PRQM7OPZC47BEWQ4WS72FFRHYWBJZR6FCDG755LMN2S4EAMZJJJ,CAS3J7GYLGXMF6TDJBBYYSE3HQ6BBSMLNUQ34T6TZMYMW2EVH34XOWMA,104970276773,54588787063,104970276773,527167162,55115954225
GBIIUZH63Z262QXGKJIP3ZU5DS7L4L2TBTYGPXRIGQXZAF25A72YNULL,CAS3J7GYLGXMF6TDJBBYYSE3HQ6BBSMLNUQ34T6TZMYMW2EVH34XOWMA,99959156530,51982801975,99959156530,502001009,52484802984
GC2MYUXTFAINLGN3OSBLMKXIU4NH5GVSFYOVHSZMMZHQSILM7GFND633,CAS3J7GYLGXMF6TDJBBYYSE3HQ6BBSMLNUQ34T6TZMYMW2EVH34XOWMA,89964654161,46785256743,53346728186,267910538,47053167281
GCL4UIXVUCTCCEQ5TA3EBDX4TLQVM6A4EJBFZLRCWWIRNTEOOGNF4DPI,CAS3J7GYLGXMF6TDJBBYYSE3HQ6BBSMLNUQ34T6TZMYMW2EVH34XOWMA,85974751199,44710345921,85974751199,431770469,45142116390
GCA5FO3FLUVS2MOPVECPVQ6V3J5YSSQBL2ANPDYHIHRBSPPX5TLIMSX6,CAS3J7GYLGXMF6TDJBBYYSE3HQ6BBSMLNUQ34T6TZMYMW2EVH34XOWMA,79971485881,41588405290,79971485881,401621703,41990026993
GCC3DIKMODNJMHSWEMPDZNF3BO55GK4SSWPRSOQCQHRE5R53FCQYTMBY,CAS3J7GYLGXMF6TDJBBYYSE3HQ6BBSMLNUQ34T6TZMYMW2EVH34XOWMA,74974851377,38989953373,74974851377,376528298,39366481671
GDNYBXVABRLE6MEGBCXV7WUQYXWLBDVBGXNLZUDOFW2L46C5YL5ZA6V5,CAS3J7GYLGXMF6TDJBBYYSE3HQ6BBSMLNUQ34T6TZMYMW2EVH34XOWMA,67220995559,34957634919,67220995559,337587959,35295222878
GDEO5NUDIUGNDS5FDB2DUNZSAB4OD6JXMJM4NVJPIRDKOXU6O76WRC3H,CAS3J7GYLGXMF6TDJBBYYSE3HQ6BBSMLNUQ34T6TZMYMW2EVH34XOWMA,49999991610,26002016752,49999991610,251103022,26253119774
GAD2NZH7LOFMGEMXAMZBHKNQNJRMGUMZPA27HNETT66KVS7DZMH2C4PW,CAS3J7GYLGXMF6TDJBBYYSE3HQ6BBSMLNUQ34T6TZMYMW2EVH34XOWMA,49985785349,25994628922,49985785349,251031677,26245660599
GAXPLFYO5ARCI3QXJAMZ6V4EPOQR2ITT6KUM574D6MG4PAW6SABSJEA4,CAS3J7GYLGXMF6TDJBBYYSE3HQ6BBSMLNUQ34T6TZMYMW2EVH34XOWMA,49930229293,25965737528,49930229293,250752671,26216490199
GDS2VNGAVIBD2YZJSKKLBMRDFBY37C67ZXIEPA5KH42VUBMVATEMMNGD,CAS3J7GYLGXMF6TDJBBYYSE3HQ6BBSMLNUQ34T6TZMYMW2EVH34XOWMA,49384388218,25681878105,0,0,25681878105
GDZHV65XN3ABHOMF7QCWIQVUH5SNWZAB6EIRMFNJAN4PW7UJ6TEIZQ2A,CAS3J7GYLGXMF6TDJBBYYSE3HQ6BBSMLNUQ34T6TZMYMW2EVH34XOWMA,41379697827,21519115533,41379697827,207811378,21726926911
GDHVGOZF6WT7CDM5EREDZ7R5CBTQRFQMFSJPMAOWMANIVXXDF3ENNIMR,CAS3J7GYLGXMF6TDJBBYYSE3HQ6BBSMLNUQ34T6TZMYMW2EVH34XOWMA,39986760987,20794732071,39986760987,200815964,20995548035
GAEVKTD2CL3MPPQBUSYJERWWRVPGFGBLXNFQXDVOD2YEILOP6OPJXDNV,CAS3J7GYLGXMF6TDJBBYYSE3HQ6BBSMLNUQ34T6TZMYMW2EVH34XOWMA,39984374510,20793491006,39984374510,200803979,20994294985
GAAQMA67NFYT5B3VZEIL33HILG7B7BI5SOBVQHQKADXSZEKSRMYXB67R,CAS3J7GYLGXMF6TDJBBYYSE3HQ6BBSMLNUQ34T6TZMYMW2EVH34XOWMA,30915653585,16077389547,0,0,16077389547
GAMQOQEHWSGOIMEDI3INTL7HMWKB6TBUJAI5GFEAOP44MM4U5IOD7AWK,CAS3J7GYLGXMF6TDJBBYYSE3HQ6BBSMLNUQ34T6TZMYMW2EVH34XOWMA,30432934622,15826356173,5643803794,28343529,15854699702
GDO6U6PAX4665TIXLIL7EL445RZV6RZ7C5GVOPGNYUVIV54ICDXY2MOA,CAS3J7GYLGXMF6TDJBBYYSE3HQ6BBSMLNUQ34T6TZMYMW2EVH34XOWMA,29989069203,15595528213,29989069203,150606944,15746135157
GDWVCBP4YIM43QE2VBVIEI666B4KBUZ6I7NNOENMXDF54EY36ID5OO6D,CAS3J7GYLGXMF6TDJBBYYSE3HQ6BBSMLNUQ34T6TZMYMW2EVH34XOWMA,25240847512,13126261000,25240847512,126761083,13253022083
GB4W25OSQQ5WXFFNS3G56SZSZXKS3R7FHAXT4WKAHNSVB7BS3SJUNJWA,CAS3J7GYLGXMF6TDJBBYYSE3HQ6BBSMLNUQ34T6TZMYMW2EVH34XOWMA,15193893435,7901438759,15193893435,76304664,7977743423
GBY2Q24LMOU5ZOPVW76SRTENO6ZZ6MUVUM4AIOGKJFIWIY65HVZFRPHI,CAS3J7GYLGXMF6TDJBBYYSE3HQ6BBSMLNUQ34T6TZMYMW2EVH34XOWMA,14993562067,7797258350,0,0,7797258350
GBPJ2YBLYTXH2VLSEHFAYAOVEFGA62PTLPYKIMTJXV4KPU4WN2ICCOR4,CAS3J7GYLGXMF6TDJBBYYSE3HQ6BBSMLNUQ34T6TZMYMW2EVH34XOWMA,12994509945,6757670440,12994509945,65259226,6822929666
GBNZXBH7SWFPU7WW2D3WGMWZHSH2L3G5XFQO3FTLU5ZIYINOOAI2EQVI,CAS3J7GYLGXMF6TDJBBYYSE3HQ6BBSMLNUQ34T6TZMYMW2EVH34XOWMA,11996741268,6238790396,11996741268,60248370,6299038766
GBE4FY6RLT4KYM35MR47ZXATCG67ONZ7VKESEMHFPF2QF3VVHV2QM6L2,CAS3J7GYLGXMF6TDJBBYYSE3HQ6BBSMLNUQ34T6TZMYMW2EVH34XOWMA,11594494496,6029605815,11594494496,58228262,6087834077
GAYKKYTEHCRRLXLYQXDPTLWG2UEPUNR6WVHJTUGTWZ7MNMJ3U35SFDXU,CAS3J7GYLGXMF6TDJBBYYSE3HQ6BBSMLNUQ34T6TZMYMW2EVH34XOWMA,10996618030,5718685885,10996618030,55225690,5773911575
GBOYKBTFCAVPWRKCHPRWRCDTTFLEWHYWI56X5F56J4F6RWJ6KLR4M5ZG,CAS3J7GYLGXMF6TDJBBYYSE3HQ6BBSMLNUQ34T6TZMYMW2EVH34XOWMA,10995763387,5718241436,10995763387,55221398,5773462834
GDXQE2Z6FEO2XSLAT4EDU5NWDZTEGETBIPYDJJ4CHH6KSY2H7732BZF2,CAS3J7GYLGXMF6TDJBBYYSE3HQ6BBSMLNUQ34T6TZMYMW2EVH34XOWMA,10992435818,5716510965,10992435818,55204687,5771715652
GDUHSEICX6MRQWRQWW4QQX766FVWTUCOGTLZ5QAH6SL2IVX6NLEIHRKU,CAS3J7GYLGXMF6TDJBBYYSE3HQ6BBSMLNUQ34T6TZMYMW2EVH34XOWMA,9995744974,5198191438,9995744974,50199244,5248390682
GBOMDHO2SCHUGZD5ZNMOYB5JYCXGH7Y4AJOGJQK4KR5LBZ64RBDGKFDP,CAS3J7GYLGXMF6TDJBBYYSE3HQ6BBSMLNUQ34T6TZMYMW2EVH34XOWMA,9499986612,4940377050,9499986612,47709515,4988086565
GABR5FJYD4AITJWFV2YOTEQKJPKSGMC37ESKRU6FEGNNRYV6YAPXZPWK,CAS3J7GYLGXMF6TDJBBYYSE3HQ6BBSMLNUQ34T6TZMYMW2EVH34XOWMA,8933515321,4645789081,8933515321,44864662,4690653743
GD2ZORVNMKLKLS523ZMHQ3Q6QTGCRIEMN27WQPGQ5EEBDLNVBJLJGJDC,CAS3J7GYLGXMF6TDJBBYYSE3HQ6BBSMLNUQ34T6TZMYMW2EVH34XOWMA,5527266264,2874401883,0,0,2874401883
GDBNJ2ZW7Z2FOXU4CKYFCO4N2TXNV6UA7ZJI2ZE4HHONADDZCBYUBKDF,CAS3J7GYLGXMF6TDJBBYYSE3HQ6BBSMLNUQ34T6TZMYMW2EVH34XOWMA,4798698373,2495517129,4798698373,24099358,2519616487
GCUZMS67FDE7LEFFM5OP3TXEFXXBJQ7447WW3BUQIVMQHVTNEUXDXKHC,CAS3J7GYLGXMF6TDJBBYYSE3HQ6BBSMLNUQ34T6TZMYMW2EVH34XOWMA,3501590918,1820968820,262492109,1318252,1822287072
GBXZELDK5A3PPDBBFDBIAO5I3GYLAEYJ427KWWSCXWGGRDOTVKHEXLTM,CAS3J7GYLGXMF6TDJBBYYSE3HQ6BBSMLNUQ34T6TZMYMW2EVH34XOWMA,2999762271,1559997639,2999762271,15064990,1575062629
GAPRECGCSADSQRSG4MRMTHXZKM72DI42CF2IU3LEOFZEN4ZEYHDHB4ZS,CAS3J7GYLGXMF6TDJBBYYSE3HQ6BBSMLNUQ34T6TZMYMW2EVH34XOWMA,2999005672,1559604177,2999005672,15061191,1574665368
GASAXWRQCKI5RRLBMFMUOV342DY4TKJM6DE6HZMLGOPKMZLKK43MMDXP,CAS3J7GYLGXMF6TDJBBYYSE3HQ6BBSMLNUQ34T6TZMYMW2EVH34XOWMA,1999410736,1039774404,1999410736,10041164,1049815568
GCYI2FG76NF7SYMMYK6EVWCHKIQQ4JRLBRZ42FDJ7KPWVYBQHVGJV6VL,CAS3J7GYLGXMF6TDJBBYYSE3HQ6BBSMLNUQ34T6TZMYMW2EVH34XOWMA,1373120830,714078337,1373120830,6895897,720974234
GAYOOQCMIRUBCXRMHGD2GTRD5KKCPAR3436ZX6HS4SSFGMZ4FANNCSMF,CAS3J7GYLGXMF6TDJBBYYSE3HQ6BBSMLNUQ34T6TZMYMW2EVH34XOWMA,1199485490,623780941,1199485490,6023890,629804831
GD3EXP7GTMP7UFHPOR4O24EUH7S6VDKT7UAC4GDGPNFOBU3SAOFCPVTH,CAS3J7GYLGXMF6TDJBBYYSE3HQ6BBSMLNUQ34T6TZMYMW2EVH34XOWMA,1089700263,566688185,1089700263,5472542,572160727
GD5WR23BKQRC7XEPBEDNYKRPSSQIFYP4MWZCWV3OMUWIV4LVS7QN6H3L,CAS3J7GYLGXMF6TDJBBYYSE3HQ6BBSMLNUQ34T6TZMYMW2EVH34XOWMA,999684246,519876218,999684246,5020476,524896694
GDKFUQFR6WHRDJQ6NCNGXSELN6NABN5ZN2WPSOPG5GM2SRCEL2TKMQD7,CAS3J7GYLGXMF6TDJBBYYSE3HQ6BBSMLNUQ34T6TZMYMW2EVH34XOWMA,899613719,467835499,899613719,4517916,472353415
GCNWPHEPZ6BTIACLCYMV5BVBM6VTKUDZDXCAPPF4E3ER5BRZGLMFESRT,CAS3J7GYLGXMF6TDJBBYYSE3HQ6BBSMLNUQ34T6TZMYMW2EVH34XOWMA,519844828,270340324,0,0,270340324
GBYG3RGKMZMHDNIDTHS6HL6OK73LMT6HTRAFKQV6EV2NFWNCLLWNEVQ2,CAS3J7GYLGXMF6TDJBBYYSE3HQ6BBSMLNUQ34T6TZMYMW2EVH34XOWMA,490177251,254911985,490177251,2461701,257373686
CBDOIGFO2QOOZTWQZ7AFPH5JOUS2SBN5CTTXR665NHV6GOCM6OUGI5KP,CAS3J7GYLGXMF6TDJBBYYSE3HQ6BBSMLNUQ34T6TZMYMW2EVH34XOWMA,451502152,234799370,451502152,2267472,237066842,GBGVK3U6E7UWVLUDZWVICWZ6L5IWJ7YSDHAE5SRW6UXFSOACS7OU4YJS
GCBOKWBPFBJEBJ2HR4V64EKGCWANA55OQLEUL4M6JJUPM57RV62T7GCQ,CAS3J7GYLGXMF6TDJBBYYSE3HQ6BBSMLNUQ34T6TZMYMW2EVH34XOWMA,361038423,187754574,361038423,1813158,189567732
GDCIJJ4CZRWXXRTWYVH744MC2DASFVWKXJK56AJX3NBN7RSY6IOXKIUJ,CAS3J7GYLGXMF6TDJBBYYSE3HQ6BBSMLNUQ34T6TZMYMW2EVH34XOWMA,349851671,181937011,349851671,1756977,183693988
GCUDB67AUO5DLTQCDLIA4HCRC3O63NRXNJ3DML672YQFK3YTMF6GUUPA,CAS3J7GYLGXMF6TDJBBYYSE3HQ6BBSMLNUQ34T6TZMYMW2EVH34XOWMA,299893471,155956728,299893471,1506084,157462812
GANKTQ6JMFDAOAOS6FNZRQOA7CMZAPJ7OJ7W76EIQRIVUEA6FJPD2AWE,CAS3J7GYLGXMF6TDJBBYYSE3HQ6BBSMLNUQ34T6TZMYMW2EVH34XOWMA,288814305,150195114,288814305,1450444,151645558
GCZBFC32VGVWW5EZUG4TUPRVIQ5WCQMOB4CRWBY5JLJRCN6DSO7KEDSL,CAS3J7GYLGXMF6TDJBBYYSE3HQ6BBSMLNUQ34T6TZMYMW2EVH34XOWMA,269886588,140351936,269886588,1355387,141707323
GCQLP2R7J5UJ3GENM2O2IMT2U4OCZ5VQ2LSXPKPBLR3RK6HVZ7UUTFK5,CAS3J7GYLGXMF6TDJBBYYSE3HQ6BBSMLNUQ34T6TZMYMW2EVH34XOWMA,263306109,136929821,263306109,1322340,138252161
GACVXJR24H4OTVWSD5QJHPF7AS4OD2KCZI434YSUE2OYEM3UBAEWXYCI,CAS3J7GYLGXMF6TDJBBYYSE3HQ6BBSMLNUQ34T6TZMYMW2EVH34XOWMA,189964813,98789382,189964813,954015,99743397
GC272OV7V7HPKZ3VI2QALBTL3TT3WMK5EMDDEVWXOPYCTYHWC7XVDQJI,CAS3J7GYLGXMF6TDJBBYYSE3HQ6BBSMLNUQ34T6TZMYMW2EVH34XOWMA,152230968,79166257,152230968,764514,79930771
GBW6EC2RO2LWIHFOUMXXF565VJQC4PNARS5JK43RF5OIQY5Y4HPQRE4J,CAS3J7GYLGXMF6TDJBBYYSE3HQ6BBSMLNUQ34T6TZMYMW2EVH34XOWMA,145455630,75642808,145455630,730488,76373296
GBXW5LRJWDFGTBEKZTGVXAHMQWTWICM57GBTVAZAJEOOHHLBALZEZGDN,CAS3J7GYLGXMF6TDJBBYYSE3HQ6BBSMLNUQ34T6TZMYMW2EVH34XOWMA,129956109,67582430,129956109,652648,68235078
GD2ZEI3V7VDAO6SBGVTZAY6VAYJV75RFUST4M6QLXCKS7EZAZPKOXXMC,CAS3J7GYLGXMF6TDJBBYYSE3HQ6BBSMLNUQ34T6TZMYMW2EVH34XOWMA,99967450,51987115,99967450,502043,52489158
GAYEVGQW6OHNY32E66GBO6DXZMQPQS36KVTDSMRU7O2IWIY252OWHCIB,CAS3J7GYLGXMF6TDJBBYYSE3HQ6BBSMLNUQ34T6TZMYMW2EVH34XOWMA,99960660,51983584,99960660,502009,52485593
GAPKRVH4XY5FCMEVKODCRUXXMVMBG4QEUYGDBESTHRHOGFPGOIXGX7MG,CAS3J7GYLGXMF6TDJBBYYSE3HQ6BBSMLNUQ34T6TZMYMW2EVH34XOWMA,99957052,51981708,99957052,501991,52483699
GCMQUQTQQQQZAHCJSPRLLR6T5FKWSYBWBCEM5VOC6WPV3Z7IGWB4ZFW2,CAS3J7GYLGXMF6TDJBBYYSE3HQ6BBSMLNUQ34T6TZMYMW2EVH34XOWMA,97822500,50871655,97822500,491271,51362926
GC237RVN3X24GX44QW5ZE2B2LWEH73CX2MJFSVFRFABZH3OWSE7HIRPB,CAS3J7GYLGXMF6TDJBBYYSE3HQ6BBSMLNUQ34T6TZMYMW2EVH34XOWMA,62876459,32698301,62876459,315770,33014071
GADO6RVMBPXSZLZC22FPH3TTALH7QN5B67RDJWJEMUVUQR25DVXX3XEG,CAS3J7GYLGXMF6TDJBBYYSE3HQ6BBSMLNUQ34T6TZMYMW2EVH34XOWMA,53825497,27991435,53825497,270315,28261750
GDMRUBAP6J3KGWNZ3LDIPMHHLV4X6DXVIXBKK2XVZP2HSN36U4ETQIJB,CAS3J7GYLGXMF6TDJBBYYSE3HQ6BBSMLNUQ34T6TZMYMW2EVH34XOWMA,49983923,25993661,49983923,251023,26244684
GBQ5UIXSXCZDDV6NWP3YTJDXSGGR35ZINHBZKM7JHWO3PPYYQ2KCHVTE,CAS3J7GYLGXMF6TDJBBYYSE3HQ6BBSMLNUQ34T6TZMYMW2EVH34XOWMA,49983758,25993575,49983758,251022,26244597
GDD3PKOT4GHZAR3WZN7M2A4HS5RCRDU5LCGGJLLXBAXJHPGTWFN3SXSS,CAS3J7GYLGXMF6TDJBBYYSE3HQ6BBSMLNUQ34T6TZMYMW2EVH34XOWMA,49373095,25676006,49373095,247955,25923961
GCWOYUZEKKVTA2H4ISW7VRLKH27IGN5ICL6OT46FXF6V44HYDPT4TTEZ,CAS3J7GYLGXMF6TDJBBYYSE3HQ6BBSMLNUQ34T6TZMYMW2EVH34XOWMA,45710228,23771167,45710228,229560,24000727
GC3B2MOTNWTE4Z53ESN6WDHRTBHEZHPGXONHSAPJGF2JEGMW6X4ZM626,CAS3J7GYLGXMF6TDJBBYYSE3HQ6BBSMLNUQ34T6TZMYMW2EVH34XOWMA,35986905,18714646,35986905,180729,18895375
GCRJ56CVFFASF3L5QLPCKE4XNRGC7RE3U2HSDHAFRTZHAY2MQKWU2UQ6,CAS3J7GYLGXMF6TDJBBYYSE3HQ6BBSMLNUQ34T6TZMYMW2EVH34XOWMA,26736631,13904129,26736631,134273,14038402
GBZWX2LGJSSUWCYOICDJFGATQNC2ZZHXQIMUUYULVXZZFTVUUKHHC6NS,CAS3J7GYLGXMF6TDJBBYYSE3HQ6BBSMLNUQ34T6TZMYMW2EVH34XOWMA,19994464,10397930,19994464,100414,10498344
GDI7PYQDXRIKIKQBNERBGJ5AO6RNQJMPX6KTSU34W3WZMR4RI423HYC3,CAS3J7GYLGXMF6TDJBBYYSE3HQ6BBSMLNUQ34T6TZMYMW2EVH34XOWMA,19993335,10397343,19993335,100408,10497751
GC5XOKO2U4QCAOV5UUPIXBOZGGBHUEHYTOGXRO5HKJZ6IZGHBGGX3FKJ,CAS3J7GYLGXMF6TDJBBYYSE3HQ6BBSMLNUQ34T6TZMYMW2EVH34XOWMA,19929844,10364325,19929844,100089,10464414
GCG7DFGUFGDOPG74T77MS5SVWKVCQFKDX6KP4HN2QWHMJYBSUWBFBYOV,CAS3J7GYLGXMF6TDJBBYYSE3HQ6BBSMLNUQ34T6TZMYMW2EVH34XOWMA,9997678,5199197,9997678,50209,5249406
GACKMEZIHGXX6FKCPUXY7ZMKBSRZLWFCYN3CKEMGS5P3WUG7YZRYI3WW,CAS3J7GYLGXMF6TDJBBYYSE3HQ6BBSMLNUQ34T6TZMYMW2EVH34XOWMA,9997108,5198901,9997108,50207,5249108
GCPMNDGDAK5LFWEHEVXPUHUFAIDJI6PFVPJSIUAKOJQ5UGC6FQ4UL5YI,CAS3J7GYLGXMF6TDJBBYYSE3HQ6BBSMLNUQ34T6TZMYMW2EVH34XOWMA,9996754,5198717,9996754,50205,5248922
GAJO3OT3EOEHYNJM2R74UFO4NV4IPVFVTYCYEVNTUZOMTXON7A75YORE,CAS3J7GYLGXMF6TDJBBYYSE3HQ6BBSMLNUQ34T6TZMYMW2EVH34XOWMA,9996541,5198606,9996541,50204,5248810
GBWAJ2CIYFELHKIUZ5NFVN4MSGJZE2RZKF2BKWKGGLXRGV4ENHCZ7Q6T,CAS3J7GYLGXMF6TDJBBYYSE3HQ6BBSMLNUQ34T6TZMYMW2EVH34XOWMA,9627611,5006747,9627611,48351,5055098
GAPSJIOI3RRWKL5NFUTPDE6S2E2FGQI7F4A24I3Q3OUJGF7LAFEW4I3F,CAS3J7GYLGXMF6TDJBBYYSE3HQ6BBSMLNUQ34T6TZMYMW2EVH34XOWMA,8934564,4646335,8934564,44870,4691205
GCPSPYSJD33G3OYUFPJ4U7SREWH2LWSYOEOX4NM6GLW5OFQPU6B5HZIQ,CAS3J7GYLGXMF6TDJBBYYSE3HQ6BBSMLNUQ34T6TZMYMW2EVH34XOWMA,4352815,2263640,4352815,21861,2285501
GCBQNNQLXJUZJ2BA6RQ45HGZRWDTEPXRO52LADW2GD6F6HJ2RFHX4GUY,CAS3J7GYLGXMF6TDJBBYYSE3HQ6BBSMLNUQ34T6TZMYMW2EVH34XOWMA,3998282,2079269,3998282,20080,2099349
GCMNPUNLJDXPKZTMWW734W73U24RTR5F47NSDDNTM6TVEJVUL6L74RZW,CAS3J7GYLGXMF6TDJBBYYSE3HQ6BBSMLNUQ34T6TZMYMW2EVH34XOWMA,1155769,601047,1155769,5805,606852
GDAFOKARX4VPZHPDBY5UTIRK32GUGCC7PQJ4SGQYGOEYNV2XSE5TY4KE,CAS3J7GYLGXMF6TDJBBYYSE3HQ6BBSMLNUQ34T6TZMYMW2EVH34XOWMA,999590,519828,999590,5021,524849
GBEHDNG4PTYSPSN47U4NIG34OQC5CJ53DQGHGU7V5FC5C4J3MIHEDXXH,CAS3J7GYLGXMF6TDJBBYYSE3HQ6BBSMLNUQ34T6TZMYMW2EVH34XOWMA,13553,7049,13553,69,7118
GCSWEP2CJOQFE7TLCAOI35D6BSAOJSH6ZSLP5UWNQHTS2VRVQIDD5DKE,CAS3J7GYLGXMF6TDJBBYYSE3HQ6BBSMLNUQ34T6TZMYMW2EVH34XOWMA,91,48,91,1,49
GCDJOIQAXVS524TI73TLEH7RBOSGN3RI4FRHTNNKWPDCPV3O4QJQUO2N,CAS3J7GYLGXMF6TDJBBYYSE3HQ6BBSMLNUQ34T6TZMYMW2EVH34XOWMA,26,14,26,1,15
GCQ6YMD7DOBCIL3R7ZRQVM2E4VSQSMJHO2VBZP7O2K7H2EOWMSNKU4NW,CAS3J7GYLGXMF6TDJBBYYSE3HQ6BBSMLNUQ34T6TZMYMW2EVH34XOWMA,22,12,22,1,13
GA6PLM43TPTJLPCCW5YX3VH6U43JKCFTDETPDZVHCMOHOTV23EOIFIFO,CAS3J7GYLGXMF6TDJBBYYSE3HQ6BBSMLNUQ34T6TZMYMW2EVH34XOWMA,13,7,13,1,8
GCOPNX3OCZICZ2DK6RRY5A6NXKSL423XQUUIDKCSEKWX6LG2ZHIUXTNU,CAS3J7GYLGXMF6TDJBBYYSE3HQ6BBSMLNUQ34T6TZMYMW2EVH34XOWMA,12,7,12,1,8
GCRID7MSYK6YZA6ORYNOEHSZX2L6U4O2CDYIRS73EEAFXOJO733JDV44,CAS3J7GYLGXMF6TDJBBYYSE3HQ6BBSMLNUQ34T6TZMYMW2EVH34XOWMA,11,6,11,1,7
GDGXDQHZKOH5SMGYYIF5HKLXZASNR47BNRYKXEJKXD6X3GVSZGMPGYME,CAS3J7GYLGXMF6TDJBBYYSE3HQ6BBSMLNUQ34T6TZMYMW2EVH34XOWMA,7,4,7,1,5
GB3OXRDH7ULE62AI3QOK3VH34MUXXZHFYDFQ3BI7R2WAFHNVSC4R3ZLP,CAS3J7GYLGXMF6TDJBBYYSE3HQ6BBSMLNUQ34T6TZMYMW2EVH34XOWMA,3,2,3,1,3
GAYJJLHV2QQ4W4UKLQI4AKNBVMMJDK24IKYVE253FYNDN4YZMRV42HS5,CAS3J7GYLGXMF6TDJBBYYSE3HQ6BBSMLNUQ34T6TZMYMW2EVH34XOWMA,2,2,2,1,3
