pool_id,user_id,shares,q4w_shares,total_shares,percent_ownership,tokens_due,last_modified_ledger,closed_at
CCCCIQSDILITHMM7PBSLVDT5MISSY7R26MNZXCX4H7J5JQ5FPIYOGYFS,CBZUCS36UVRY4ZAHJIKUOGFZWOOK6SPZOIZIA25IOP47P5W6BMVUAEM5,0,20192964145860,20192964145860,0.5086400432373470000000,7472299840739,61341139,2026-02-22 01:35:08 UTC
CCCCIQSDILITHMM7PBSLVDT5MISSY7R26MNZXCX4H7J5JQ5FPIYOGYFS,GDIQFXBZAS4TA5Z7JSCOLGSDFMK4UF4SPYER5IVPNRPUYFQ6U4GKVZ7P,5062058814491,0,5062058814491,0.1275080664569290000000,1873188156038,61332831,2026-02-21 12:15:14 UTC
CCCCIQSDILITHMM7PBSLVDT5MISSY7R26MNZXCX4H7J5JQ5FPIYOGYFS,GB5F2BYPFRSCMQPPR226EDCMZDVAVYNN5JIEDLPIN2AV3QMYKUFNXHNB,4823424843675,0,4823424843675,0.1214971216368920000000,1784882914210,61335029,2026-02-21 15:45:03 UTC
CCCCIQSDILITHMM7PBSLVDT5MISSY7R26MNZXCX4H7J5JQ5FPIYOGYFS,GAGNU4JUDML3BYEAH5MOKWDNYSIMWNKP2WZX5XM4WZZ4H7Y4RPGYBLOX,1387974158480,0,1387974158480,0.0349616446046297000000,513612514163,61335235,2026-02-21 16:04:46 UTC
CCCCIQSDILITHMM7PBSLVDT5MISSY7R26MNZXCX4H7J5JQ5FPIYOGYFS,GBPFUT76CUQTILFAOSTQ2PRFHIVQDG4PJESPM6DSFBZF56X5E5ZRYDAD,1162248165354,0,1162248165354,0.0292758384954290000000,430083801375,61311163,2026-02-20 01:38:54 UTC
CCCCIQSDILITHMM7PBSLVDT5MISSY7R26MNZXCX4H7J5JQ5FPIYOGYFS,GCPIKUGS2RNSH6HAKUSIDBAVHC62QMDFUNXUTET4Q3YDDCUO5B3F7D45,960432558965,0,960432558965,0.0241923104894271000000,355403001043,61314819,2026-02-20 07:32:21 UTC
CCCCIQSDILITHMM7PBSLVDT5MISSY7R26MNZXCX4H7J5JQ5FPIYOGYFS,GATVKWD4ZEZFG5JLZQIIZ3GSTZ6DDHGOMVXCIGAHXEFEX76NDDMOVBJJ,716911633081,0,716911633081,0.0180582682866021000000,265289367277,61335721,2026-02-21 16:51:35 UTC
CCCCIQSDILITHMM7PBSLVDT5MISSY7R26MNZXCX4H7J5JQ5FPIYOGYFS,GCFJLCJ4HEB5OQRDSIEWQKAL7OBONG4SEWNEVW34SJQGCQ7ALFGQ22FV,666907765967,0,666907765967,0.0167987221918741000000,246785700080,61336626,2026-02-21 18:18:52 UTC
CCCCIQSDILITHMM7PBSLVDT5MISSY7R26MNZXCX4H7J5JQ5FPIYOGYFS,GA2GD7P5MQU2FLF5NP26UJ3KAY5XX42OTJLCG455NUEKPRHLKLJCGJKU,441005526379,0,441005526379,0.0111084766151735000000,163191768218,61256100,2026-02-16 08:28:50 UTC
CCCCIQSDILITHMM7PBSLVDT5MISSY7R26MNZXCX4H7J5JQ5FPIYOGYFS,GDDIQ77QRV2LAK3I2K6SVB7VGTDOT4WRTUTXOX2TAAS2WVUFDTHILJTD,353475618748,0,353475618748,0.0089036880719759000000,130801787722,61192692,2026-02-12 01:44:26 UTC
CCCCIQSDILITHMM7PBSLVDT5MISSY7R26MNZXCX4H7J5JQ5FPIYOGYFS,CANSYFVMIP7JVYEZQ463Y2I2VLEVNLDJJ4QNZTDBGLOOGKURPTW4A6FQ,346493819251,0,346493819251,0.0087278237079143900000,128218209655,59836997,2025-11-14 00:16:03 UTC
CCCCIQSDILITHMM7PBSLVDT5MISSY7R26MNZXCX4H7J5JQ5FPIYOGYFS,GAAUMMCT5PVLB5SP7FJYDXKZYDFJLXLJ34EXFREMDWOZLKYVE2PNVZWO,328360966398,0,328360966398,0.0082710757538970800000,121508243129,61303751,2026-02-19 13:39:09 UTC
CCCCIQSDILITHMM7PBSLVDT5MISSY7R26MNZXCX4H7J5JQ5FPIYOGYFS,GANDALFV4NUDWVLKKKWANNET72TPLMWLSTJIZDSIR4TVUV4YP5HJPMMQ,294976568745,0,294976568745,0.0074301570386941900000,109154522919,61248318,2026-02-15 19:53:46 UTC
CCCCIQSDILITHMM7PBSLVDT5MISSY7R26MNZXCX4H7J5JQ5FPIYOGYFS,GBIIUZH63Z262QXGKJIP3ZU5DS7L4L2TBTYGPXRIGQXZAF25A72YNULL,272746609429,7378711977,280125321406,0.0070560693597346700000,103658897199,61190358,2026-02-11 21:57:44 UTC
CCCCIQSDILITHMM7PBSLVDT5MISSY7R26MNZXCX4H7J5JQ5FPIYOGYFS,GBN5TPWLRAQPDPOQJECIV5IZGQ72NEQPURW4I76ESG3YEUWJ74U4HRDB,250070831645,0,250070831645,0.0062990276069197100000,92537391835,61318680,2026-02-20 13:46:30 UTC
CCCCIQSDILITHMM7PBSLVDT5MISSY7R26MNZXCX4H7J5JQ5FPIYOGYFS,GABR5FJYD4AITJWFV2YOTEQKJPKSGMC37ESKRU6FEGNNRYV6YAPXZPWK,220011507776,0,220011507776,0.0055418640878853800000,81414097635,61294497,2026-02-18 22:47:44 UTC
CCCCIQSDILITHMM7PBSLVDT5MISSY7R26MNZXCX4H7J5JQ5FPIYOGYFS,GDZK4JBS567MWKLC7O3BIHDP4B2V2RPRBWDU2KML4CPVNIO3W3YXNOOT,219832298071,0,219832298071,0.0055373499793354200000,81347782029,61297029,2026-02-19 02:53:17 UTC
CCCCIQSDILITHMM7PBSLVDT5MISSY7R26MNZXCX4H7J5JQ5FPIYOGYFS,GDWRJJNZ2LKEMSGLVVV5CXNRDUMAOCWH7A6LLHE22S55SLKAWQ7IOOPA,168467543992,0,168467543992,0.0042435245386076100000,62340525791,61282506,2026-02-18 03:25:42 UTC
CCCCIQSDILITHMM7PBSLVDT5MISSY7R26MNZXCX4H7J5JQ5FPIYOGYFS,GDD7N6ACZHGW2ELKV267HLGYBPWOLW3R3RDP4CWOTVZQHOVNVBOKPT4J,161542431517,0,161542431517,0.0040690880624536300000,59777924458,61251872,2026-02-16 01:38:37 UTC
CCCCIQSDILITHMM7PBSLVDT5MISSY7R26MNZXCX4H7J5JQ5FPIYOGYFS,GCIMUKEGLOTE3QNEHYXH4FAN3WNXUGLKGHXXQUSD3ZWQHXDZUBI4XLTB,147326659571,0,147326659571,0.0037110073564693000000,54517453054,61260376,2026-02-16 15:26:18 UTC
CCCCIQSDILITHMM7PBSLVDT5MISSY7R26MNZXCX4H7J5JQ5FPIYOGYFS,GDEUQWHIBXZTP6GJRHOWTZ5VMTSLFKLHYNFSGAH6KUJYPKIG5ZQVB53V,142479073743,0,142479073743,0.0035889016444331500000,52723629495,61260361,2026-02-16 15:24:50 UTC
CCCCIQSDILITHMM7PBSLVDT5MISSY7R26MNZXCX4H7J5JQ5FPIYOGYFS,GA4XQJFTIVONNM2MXU5ICJU2HSRVNK6O45EJO7SJF43OXW4TDWQOQZ4W,140167623173,0,140167623173,0.0035306785767659500000,51868289407,61275978,2026-02-17 16:48:59 UTC
CCCCIQSDILITHMM7PBSLVDT5MISSY7R26MNZXCX4H7J5JQ5FPIYOGYFS,GBOMDHO2SCHUGZD5ZNMOYB5JYCXGH7Y4AJOGJQK4KR5LBZ64RBDGKFDP,117663631208,0,117663631208,0.0029638261145217100000,43540805916,61100548,2026-02-05 22:36:39 UTC
CCCCIQSDILITHMM7PBSLVDT5MISSY7R26MNZXCX4H7J5JQ5FPIYOGYFS,GBZ67PL7X7DOVRFE6LXXLX4ELE4JCCQRGIH7ZJB7VKULIAC6FWDLSJF7,0,113878622702,113878622702,0.0028684856347269000000,42140183488,58460531,2025-08-14 07:24:23 UTC
CCCCIQSDILITHMM7PBSLVDT5MISSY7R26MNZXCX4H7J5JQ5FPIYOGYFS,GAYJJLHV2QQ4W4UKLQI4AKNBVMMJDK24IKYVE253FYNDN4YZMRV42HS5,80905530219,0,80905530219,0.0020379272746428200000,29938664587,61178093,2026-02-11 02:05:47 UTC
CCCCIQSDILITHMM7PBSLVDT5MISSY7R26MNZXCX4H7J5JQ5FPIYOGYFS,GA4L76V5Z6YHB7YW6NDQ5GOZZTJNSG6RHTWDFPGEP3MGZD47VWGXLOOP,75967435147,20921964,75988357111,0.0019140687304393700000,28119090622,61311178,2026-02-20 01:40:21 UTC
CCCCIQSDILITHMM7PBSLVDT5MISSY7R26MNZXCX4H7J5JQ5FPIYOGYFS,GDH7YKGBMCUQW65HQBDWMGBT6EJ6TAV3GZILBA4W2IIIXK34L5MGXSBA,74591711342,0,74591711342,0.0018788886568652300000,27602269224,61048288,2026-02-02 10:07:22 UTC
CCCCIQSDILITHMM7PBSLVDT5MISSY7R26MNZXCX4H7J5JQ5FPIYOGYFS,GBE4FY6RLT4KYM35MR47ZXATCG67ONZ7VKESEMHFPF2QF3VVHV2QM6L2,67669181542,2675814825,70344996367,0.0017719182649555500000,26030794754,61050872,2026-02-02 14:16:18 UTC
CCCCIQSDILITHMM7PBSLVDT5MISSY7R26MNZXCX4H7J5JQ5FPIYOGYFS,GDGW4YGH4IGTMDNJRZTXNKC72ESMIKTZN4TWUVJF5KURFRQJKD6KSTAR,62007581133,0,62007581133,0.0015619073317177500000,22945578236,61158130,2026-02-09 17:54:29 UTC
CCCCIQSDILITHMM7PBSLVDT5MISSY7R26MNZXCX4H7J5JQ5FPIYOGYFS,GDEO5NUDIUGNDS5FDB2DUNZSAB4OD6JXMJM4NVJPIRDKOXU6O76WRC3H,50850403232,0,50850403232,0.0012808694707588900000,18816923421,61261634,2026-02-16 17:30:02 UTC
CCCCIQSDILITHMM7PBSLVDT5MISSY7R26MNZXCX4H7J5JQ5FPIYOGYFS,GDIDAYNCTXAB2WD7V33B4JQMG7FU4IN4OBJKDLCNTLUIJLWN6AVJX7VL,43237401183,0,43237401183,0.0010891057622018600000,15999772180,61281675,2026-02-18 02:04:08 UTC
CCCCIQSDILITHMM7PBSLVDT5MISSY7R26MNZXCX4H7J5JQ5FPIYOGYFS,GDO7VAOZL4D2JHIMLXHHIEJM74DH672SPVB2AR3JOMZYDSD5ADIITONY,36805564066,0,36805564066,0.0009270943860782000000,13619704790,61252674,2026-02-16 02:56:30 UTC
CCCCIQSDILITHMM7PBSLVDT5MISSY7R26MNZXCX4H7J5JQ5FPIYOGYFS,GDZJGEJ3GUMDFYMBIE54G4MWCNCSSIWIDAWUKFKZPQ6BMDOM72V3WRB5,36642904808,0,36642904808,0.0009229971663028140000,13559513590,61338030,2026-02-21 20:34:27 UTC
CCCCIQSDILITHMM7PBSLVDT5MISSY7R26MNZXCX4H7J5JQ5FPIYOGYFS,GBLQLUATIATW47454PRIX6QHY6YFNKLX5XGJBPGVSUHRVQLOV3GNJIYO,32822643191,0,32822643191,0.0008267686968214160000,12145845935,61048555,2026-02-02 10:33:05 UTC
CCCCIQSDILITHMM7PBSLVDT5MISSY7R26MNZXCX4H7J5JQ5FPIYOGYFS,GCMMBHV4NBHZYQIQP5E2XLS63JGIDBUKMIPVAGRD3UM67ULCXHSG74A4,0,31529788270,31529788270,0.0007942030081901170000,11667431793,61179478,2026-02-11 04:20:27 UTC
CCCCIQSDILITHMM7PBSLVDT5MISSY7R26MNZXCX4H7J5JQ5FPIYOGYFS,GDGDDMVM5Y7WS5RK5BEOTQPUQ2K73MXCOGSF4FKJEPWSDUT4YY3GEJNS,0,28733127652,28733127652,0.0007237579973742410000,10632542287,61149600,2026-02-09 04:10:16 UTC
CCCCIQSDILITHMM7PBSLVDT5MISSY7R26MNZXCX4H7J5JQ5FPIYOGYFS,GAEVKTD2CL3MPPQBUSYJERWWRVPGFGBLXNFQXDVOD2YEILOP6OPJXDNV,25608160640,0,25608160640,0.0006450432854271670000,9476164732,60291739,2025-12-14 04:38:17 UTC
CCCCIQSDILITHMM7PBSLVDT5MISSY7R26MNZXCX4H7J5JQ5FPIYOGYFS,GBNK7X6QDURCS2GX5QBXEU6HXPYGOYKQ6ZCKCMNP4ZQIKRS72LAZ73NG,24552528425,0,24552528425,0.0006184529933035410000,9085533600,61154279,2026-02-09 11:39:54 UTC
CCCCIQSDILITHMM7PBSLVDT5MISSY7R26MNZXCX4H7J5JQ5FPIYOGYFS,GD2OKD73SK7OHBSJNOMJ3TFZ6HVSXSEQCZGA5NCWGWDOO6QCB277PQ2Q,24278714084,0,24278714084,0.0006115558910634120000,8984210048,61261036,2026-02-16 16:31:23 UTC
CCCCIQSDILITHMM7PBSLVDT5MISSY7R26MNZXCX4H7J5JQ5FPIYOGYFS,GDJSH2NU2WF6J4P5DL4522DUCABWSTZOKFQ7BHBCFYQ3QKC6FRYWP6OL,23199436738,0,23199436738,0.0005843700023563760000,8584829161,61260142,2026-02-16 15:03:19 UTC
CCCCIQSDILITHMM7PBSLVDT5MISSY7R26MNZXCX4H7J5JQ5FPIYOGYFS,GDNACI5NRTKGOURFFDJDCVWSUH4PBAIDYXNBFZFXKPTOHPGHCRNPH5TF,22190843728,0,22190843728,0.0005589645795313930000,8211604639,61048425,2026-02-02 10:20:38 UTC
CCCCIQSDILITHMM7PBSLVDT5MISSY7R26MNZXCX4H7J5JQ5FPIYOGYFS,GBNZXBH7SWFPU7WW2D3WGMWZHSH2L3G5XFQO3FTLU5ZIYINOOAI2EQVI,21332641753,0,21332641753,0.0005373473525350350000,7894031526,61274712,2026-02-17 14:45:14 UTC
CCCCIQSDILITHMM7PBSLVDT5MISSY7R26MNZXCX4H7J5JQ5FPIYOGYFS,GC5GFG6TBKBCTREVD3IVOJINGU4XTOQLAHLC3WXKRGDTQKE523TA464L,20565785545,0,20565785545,0.0005180310316632470000,7610260432,61275307,2026-02-17 15:43:10 UTC
CCCCIQSDILITHMM7PBSLVDT5MISSY7R26MNZXCX4H7J5JQ5FPIYOGYFS,GBWN3I4L6KABFSSJB6WHRXT5CQGW3PY5RG3QCGKGQVGSR7QEJMOQJBEV,19614725880,0,19614725880,0.0004940748147536020000,7258325821,61243424,2026-02-15 11:57:35 UTC
CCCCIQSDILITHMM7PBSLVDT5MISSY7R26MNZXCX4H7J5JQ5FPIYOGYFS,GDGXDQHZKOH5SMGYYIF5HKLXZASNR47BNRYKXEJKXD6X3GVSZGMPGYME,17044018056,0,17044018056,0.0004293213229281820000,6307048955,61258171,2026-02-16 11:50:49 UTC
CCCCIQSDILITHMM7PBSLVDT5MISSY7R26MNZXCX4H7J5JQ5FPIYOGYFS,GCQQRVD75YXVFWTURGHNQJY2G3QVNUYYAUGNRAHVRGTVXL47JP5MH6SU,14624796823,0,14624796823,0.0003683836228626810000,5411828901,60915037,2026-01-24 09:47:56 UTC
CCCCIQSDILITHMM7PBSLVDT5MISSY7R26MNZXCX4H7J5JQ5FPIYOGYFS,GDLOF7T2R4KG5MGJFVAGUZSHI56RPICDB6RT3YJH4K5S6URUTT4GLOYL,13185874756,0,13185874756,0.0003321386527291550000,4879363383,61238774,2026-02-15 04:23:49 UTC
CCCCIQSDILITHMM7PBSLVDT5MISSY7R26MNZXCX4H7J5JQ5FPIYOGYFS,GDCXLIKTW5AFX4TBQSELDVXESKGODYVZVXDXVP2HWZH3QFUD6DCVVCY5,0,11714451707,11714451707,0.0002950750162140960000,4334871047,58563354,2025-08-21 05:27:14 UTC
CCCCIQSDILITHMM7PBSLVDT5MISSY7R26MNZXCX4H7J5JQ5FPIYOGYFS,GCAUTOR5KRMXWNYWRRKNFVVHQYTGR6DARBKWL24RKDR7JCVSI6VLJUI3,9228239291,0,9228239291,0.0002324498770004090000,3414861260,61089440,2026-02-05 04:36:58 UTC
CCCCIQSDILITHMM7PBSLVDT5MISSY7R26MNZXCX4H7J5JQ5FPIYOGYFS,GA7GJDTBJ7Y6TC6T22UUXFCPHQUMGP57YQ5X3NDKWEPUFBKQGPGGTVOF,9136869689,0,9136869689,0.0002301483704966500000,3381050421,61026875,2026-01-31 23:48:13 UTC
CCCCIQSDILITHMM7PBSLVDT5MISSY7R26MNZXCX4H7J5JQ5FPIYOGYFS,GDKNDOQL23432Z7HMTFELXPFXAAUDWDJZXOTR73TSWY4XUGN2YMQHVM3,8505216128,0,8505216128,0.0002142376655472770000,3147310353,60887076,2026-01-22 12:24:30 UTC
CCCCIQSDILITHMM7PBSLVDT5MISSY7R26MNZXCX4H7J5JQ5FPIYOGYFS,GAGCFJNK7ETAKASG3WPPYEDHAKGUWA5NJSW7RHPX3RIJPZSPIN2XGLI3,8367912457,0,8367912457,0.0002107791269865370000,3096501854,61290579,2026-02-18 16:26:22 UTC
CCCCIQSDILITHMM7PBSLVDT5MISSY7R26MNZXCX4H7J5JQ5FPIYOGYFS,GAETN3MSNJDPK62CJ6JVOUNOD63RJN3HWHVLZLJMQXN7RJEMZPJ3SZ6X,8229241105,0,8229241105,0.0002072861379450290000,3045187252,61339254,2026-02-21 22:32:47 UTC
CCCCIQSDILITHMM7PBSLVDT5MISSY7R26MNZXCX4H7J5JQ5FPIYOGYFS,GCOTFUPCJTKRQBPQC5ZHWAPE4JWOFD5A5436QOO63KCF6YAJITEZD7SS,7863162432,0,7863162432,0.0001980649918706830000,2909721771,61218527,2026-02-13 19:40:46 UTC
CCCCIQSDILITHMM7PBSLVDT5MISSY7R26MNZXCX4H7J5JQ5FPIYOGYFS,GA6L2HMDXVTV7C2ONSCITALK2XUMFVLM5CVGAYZ6WOTUU47F24FURFPJ,7751051703,0,7751051703,0.0001952410376639590000,2868235787,61068810,2026-02-03 19:31:09 UTC
CCCCIQSDILITHMM7PBSLVDT5MISSY7R26MNZXCX4H7J5JQ5FPIYOGYFS,GDHVGOZF6WT7CDM5EREDZ7R5CBTQRFQMFSJPMAOWMANIVXXDF3ENNIMR,6106775871,0,6106775871,0.0001538234169401550000,2259780191,61293937,2026-02-18 21:53:15 UTC
CCCCIQSDILITHMM7PBSLVDT5MISSY7R26MNZXCX4H7J5JQ5FPIYOGYFS,GD46UAKTBQYCGG7FW6BKYOWFGHWAWJU6TKMDHYM3RIATZZ7OE4KJECGH,5999769478,0,5999769478,0.0001511280357188030000,2220183040,60264264,2025-12-12 08:44:31 UTC
CCCCIQSDILITHMM7PBSLVDT5MISSY7R26MNZXCX4H7J5JQ5FPIYOGYFS,GBCRDN4B6KY456PNKGPTB7OJXEHOBMMZ6EQ23TIRBMIXZUUJODL5RDYM,4588862365,0,4588862365,0.0001155887335254030000,1698084307,60524409,2025-12-29 16:02:47 UTC
CCCCIQSDILITHMM7PBSLVDT5MISSY7R26MNZXCX4H7J5JQ5FPIYOGYFS,GCUZMS67FDE7LEFFM5OP3TXEFXXBJQ7447WW3BUQIVMQHVTNEUXDXKHC,4097638483,0,4097638483,0.0001032153080701350000,1516309501,61250364,2026-02-15 23:12:16 UTC
CCCCIQSDILITHMM7PBSLVDT5MISSY7R26MNZXCX4H7J5JQ5FPIYOGYFS,GBOYKBTFCAVPWRKCHPRWRCDTTFLEWHYWI56X5F56J4F6RWJ6KLR4M5ZG,0,4081450230,4081450230,0.0001028075425907150000,1510319123,61233359,2026-02-14 19:32:19 UTC
CCCCIQSDILITHMM7PBSLVDT5MISSY7R26MNZXCX4H7J5JQ5FPIYOGYFS,GDCRH4L5DJMIQGXT6TFD52LG7NV434HTAT6TSY5L2NIIFRQMKH3YKFEN,3892261246,0,3892261246,0.0000980420662442658000,1440310738,59883315,2025-11-17 01:50:51 UTC
CCCCIQSDILITHMM7PBSLVDT5MISSY7R26MNZXCX4H7J5JQ5FPIYOGYFS,GBJY7AY5GIEINQXU5W2NBFEMGTFOTB2OTNCCMKSLVIDXS3DMHG56I6XN,3888181136,0,3888181136,0.0000979392924606933000,1438800915,61340186,2026-02-22 00:02:44 UTC
CCCCIQSDILITHMM7PBSLVDT5MISSY7R26MNZXCX4H7J5JQ5FPIYOGYFS,GC2B2DF4UJUT454A5DFY5QBUMNQ6S2PRKZGPFDZBJ6DVRO5LVMXOQEJL,3660194101,0,3660194101,0.0000921965330271443000,1354435515,61203769,2026-02-12 19:44:05 UTC
CCCCIQSDILITHMM7PBSLVDT5MISSY7R26MNZXCX4H7J5JQ5FPIYOGYFS,GCC3DIKMODNJMHSWEMPDZNF3BO55GK4SSWPRSOQCQHRE5R53FCQYTMBY,3414843343,0,3414843343,0.0000860163992312339000,1263644762,61277071,2026-02-17 18:35:48 UTC
CCCCIQSDILITHMM7PBSLVDT5MISSY7R26MNZXCX4H7J5JQ5FPIYOGYFS,GCWAUSZKOQYTRTNVILVWSZI53ZGHWZT62LXFHGXZ5PKKYA2RLABJSK76,3385156723,0,3385156723,0.0000852686237401619000,1252659385,60884880,2026-01-22 08:49:57 UTC
CCCCIQSDILITHMM7PBSLVDT5MISSY7R26MNZXCX4H7J5JQ5FPIYOGYFS,GCC5PX56POKQPCOOZVLCPJ2M6V652G2FWYDBE6CULDPA5T7ZUHU3S6ZB,3209372138,0,3209372138,0.0000808407904478817000,1187611226,61331757,2026-02-21 10:32:32 UTC
CCCCIQSDILITHMM7PBSLVDT5MISSY7R26MNZXCX4H7J5JQ5FPIYOGYFS,GAPRECGCSADSQRSG4MRMTHXZKM72DI42CF2IU3LEOFZEN4ZEYHDHB4ZS,2730677630,0,2730677630,0.0000687829670650516000,1010472849,61250746,2026-02-15 23:49:17 UTC
CCCCIQSDILITHMM7PBSLVDT5MISSY7R26MNZXCX4H7J5JQ5FPIYOGYFS,GCTPZQS7WHYT45B36ZKNFMBI7X2I7GKXU4WCKZUJYHYS3FX7RHHA5HNF,2632344276,0,2632344276,0.0000663060507951593000,974085111,56834700,2025-04-29 05:38:22 UTC
CCCCIQSDILITHMM7PBSLVDT5MISSY7R26MNZXCX4H7J5JQ5FPIYOGYFS,GBTC6T3LZ5YXZTKHROU52XVU5XMLFGOREG3E3M3S2M4QIEINRAKOEHOL,2570054387,0,2570054387,0.0000647370324179982000,951035066,61296396,2026-02-19 01:51:44 UTC
CCCCIQSDILITHMM7PBSLVDT5MISSY7R26MNZXCX4H7J5JQ5FPIYOGYFS,GAB7SXP6ABTIUTGD54PKVGLAAPDO4A7TXMAGP3HPZVKCAYTSJNNAOEEI,0,2481453867,2481453867,0.0000625052762479714000,918248911,58764985,2025-09-03 20:52:53 UTC
CCCCIQSDILITHMM7PBSLVDT5MISSY7R26MNZXCX4H7J5JQ5FPIYOGYFS,GBYG3RGKMZMHDNIDTHS6HL6OK73LMT6HTRAFKQV6EV2NFWNCLLWNEVQ2,2405294502,0,2405294502,0.0000605869000043098000,890066540,59834547,2025-11-13 20:21:53 UTC
CCCCIQSDILITHMM7PBSLVDT5MISSY7R26MNZXCX4H7J5JQ5FPIYOGYFS,GCB2NJ22PJVDRQ4WNGYD2TC2LITRULHGLG5TG6NWBIPQO64JE7OS465W,2172001538,0,2172001538,0.0000547104896646095000,803737709,61080914,2026-02-04 14:45:02 UTC
CCCCIQSDILITHMM7PBSLVDT5MISSY7R26MNZXCX4H7J5JQ5FPIYOGYFS,GA2CR3O7326VP54ALYRHNWWSOQXJYU24Q2BZEGUHJRSDHCCVUSEM24EJ,1884539358,0,1884539358,0.0000474696123665493000,697363846,61224407,2026-02-14 05:07:39 UTC
CCCCIQSDILITHMM7PBSLVDT5MISSY7R26MNZXCX4H7J5JQ5FPIYOGYFS,GC2MYUXTFAINLGN3OSBLMKXIU4NH5GVSFYOVHSZMMZHQSILM7GFND633,1683260387,0,1683260387,0.0000423996016552591000,622881625,61023563,2026-01-31 18:23:32 UTC
CCCCIQSDILITHMM7PBSLVDT5MISSY7R26MNZXCX4H7J5JQ5FPIYOGYFS,GDNREBWS4RV6TJIG67D7GENUYXXALGIECEODEOY5HRYMEWBGJGQTXUHW,1678033874,0,1678033874,0.0000422679511566449000,620947581,57601815,2025-06-18 09:36:09 UTC
CCCCIQSDILITHMM7PBSLVDT5MISSY7R26MNZXCX4H7J5JQ5FPIYOGYFS,GCN6YFU6BHTXX3FQJRLRQSQEKIILFK5LYIWOKBRL5T3ZAUXKSSQTEWG4,11573633,1643263997,1654837630,0.0000416836615760821000,612363934,59581418,2025-10-28 00:09:08 UTC
CCCCIQSDILITHMM7PBSLVDT5MISSY7R26MNZXCX4H7J5JQ5FPIYOGYFS,GCZCKTFEJPCEVLFB3DKZTQVNIBFXL3X3BA4JNBE773TE5LTL3NCD3ICD,1253960696,0,1253960696,0.0000315859830198401000,464021539,61234754,2026-02-14 21:49:12 UTC
CCCCIQSDILITHMM7PBSLVDT5MISSY7R26MNZXCX4H7J5JQ5FPIYOGYFS,GCR4YGEKCUBQLOCQ4AXOGKZL3XQRKSY52ATG26L6PEJH3OZOFYNC6UZB,1071707165,0,1071707165,0.0000269952036167575000,396579582,61242477,2026-02-15 10:25:58 UTC
CCCCIQSDILITHMM7PBSLVDT5MISSY7R26MNZXCX4H7J5JQ5FPIYOGYFS,GCFUKAAGICVWV4ZHFSJEC5OYVBUJSAJCTLZF7MO3HKCB3GTTWW57IGOY,1008604640,0,1008604640,0.0000254057157727469000,373228825,61330678,2026-02-21 08:48:44 UTC
CCCCIQSDILITHMM7PBSLVDT5MISSY7R26MNZXCX4H7J5JQ5FPIYOGYFS,GASAXWRQCKI5RRLBMFMUOV342DY4TKJM6DE6HZMLGOPKMZLKK43MMDXP,887378434,0,887378434,0.0000223521520554072000,328369708,61253051,2026-02-16 03:33:13 UTC
CCCCIQSDILITHMM7PBSLVDT5MISSY7R26MNZXCX4H7J5JQ5FPIYOGYFS,GBFZWIDB5KHOOTFAECPNWKTHMUBWFAGNZR5REAABFGINIMDYPAUL4J5A,827209475,0,827209475,0.0000208365577282821000,306104502,58792303,2025-09-05 16:21:05 UTC
CCCCIQSDILITHMM7PBSLVDT5MISSY7R26MNZXCX4H7J5JQ5FPIYOGYFS,GDUHSEICX6MRQWRQWW4QQX766FVWTUCOGTLZ5QAH6SL2IVX6NLEIHRKU,740638517,0,740638517,0.0000186559241421404000,274069375,61330674,2026-02-21 08:48:21 UTC
CCCCIQSDILITHMM7PBSLVDT5MISSY7R26MNZXCX4H7J5JQ5FPIYOGYFS,GC7WRELSV3MNZLHMNWVC4ADRTTVNEA46FARFQDU6QFJZLHRRV55HS6IV,711180837,0,711180837,0.0000179139154147122000,263168716,59022689,2025-09-21 00:45:30 UTC
CCCCIQSDILITHMM7PBSLVDT5MISSY7R26MNZXCX4H7J5JQ5FPIYOGYFS,GB7M5O3XGOY7O7W63PS6IUS6S6FSLYCBQGUQZ5IMOJWEMKI7EU3UUJQ7,556298160,0,556298160,0.0000140125797337816000,205855199,61227387,2026-02-14 09:53:24 UTC
CCCCIQSDILITHMM7PBSLVDT5MISSY7R26MNZXCX4H7J5JQ5FPIYOGYFS,GDMKNQWLH5H476ZFR46AZTL3YAQ3DW657ZAGV5N7QBPBX726YWFBOOTY,0,545759595,545759595,0.0000137471240969301000,201955459,60357000,2025-12-18 13:25:24 UTC
CCCCIQSDILITHMM7PBSLVDT5MISSY7R26MNZXCX4H7J5JQ5FPIYOGYFS,GDCY2PONYVU46RDOWURDYTT7K46EWI2LDZO7NPK5MSB7WSRXAI5IOB4C,457936550,0,457936550,0.0000115349517242478000,169457004,60783773,2026-01-15 17:51:59 UTC
CCCCIQSDILITHMM7PBSLVDT5MISSY7R26MNZXCX4H7J5JQ5FPIYOGYFS,GDZ5HDZP5LHHTF7QNNIZV55SCVKRSZS6UXGBRISF4CY5QUX7FMQ3ABNU,411953351,0,411953351,0.0000103766821329879000,152441164,60694671,2026-01-09 22:22:56 UTC
CCCCIQSDILITHMM7PBSLVDT5MISSY7R26MNZXCX4H7J5JQ5FPIYOGYFS,GBY2Q24LMOU5ZOPVW76SRTENO6ZZ6MUVUM4AIOGKJFIWIY65HVZFRPHI,385676888,0,385676888,0.0000097148049969763700,142717698,61319703,2026-02-20 15:25:33 UTC
CCCCIQSDILITHMM7PBSLVDT5MISSY7R26MNZXCX4H7J5JQ5FPIYOGYFS,GACMBVFG56MWHDW7FRWA6MYIVKQ77SUT3C4J24MI5UBBKVU2RAD2DFE2,0,345654485,345654485,0.0000087066817395220600,127907618,56986385,2025-05-09 04:25:12 UTC
CCCCIQSDILITHMM7PBSLVDT5MISSY7R26MNZXCX4H7J5JQ5FPIYOGYFS,GAUNKDDDNBYWEXFGB5UOSRIDNEBON6ROZOCW6WFY7FOR3PJGGNQFO6PJ,0,255236926,255236926,0.0000064291562218726700,94449078,58922935,2025-09-14 08:43:09 UTC
CCCCIQSDILITHMM7PBSLVDT5MISSY7R26MNZXCX4H7J5JQ5FPIYOGYFS,GDOWQ4ZMCXDB55WGAP76KWTPOWMVCLAJHT23OMYRA7DP3KRT5XR5U4V5,240453581,0,240453581,0.0000060567789331458800,88978579,60628947,2026-01-05 14:26:30 UTC
CCCCIQSDILITHMM7PBSLVDT5MISSY7R26MNZXCX4H7J5JQ5FPIYOGYFS,GDZZR6UBK5TWJ5AXFX74N442RLEAEERYUSP7JHMXAHUAMGEGZSC3ZAVT,230666152,0,230666152,0.0000058102436412599100,85356793,58949889,2025-09-16 03:56:35 UTC
CCCCIQSDILITHMM7PBSLVDT5MISSY7R26MNZXCX4H7J5JQ5FPIYOGYFS,GDXQE2Z6FEO2XSLAT4EDU5NWDZTEGETBIPYDJJ4CHH6KSY2H7732BZF2,218729946,0,218729946,0.0000055095828619867200,80939862,60006680,2025-11-25 05:45:17 UTC
CCCCIQSDILITHMM7PBSLVDT5MISSY7R26MNZXCX4H7J5JQ5FPIYOGYFS,GBG4UDLPYDUBFNF5CQJPKPY3ZMYXA7QRMI53QIR5ZHYHTNYHS6GLKUKM,210839088,0,210839088,0.0000053108202471814700,78019892,60614163,2026-01-04 14:56:03 UTC
CCCCIQSDILITHMM7PBSLVDT5MISSY7R26MNZXCX4H7J5JQ5FPIYOGYFS,GCYI2FG76NF7SYMMYK6EVWCHKIQQ4JRLBRZ42FDJ7KPWVYBQHVGJV6VL,220771,180864903,181085674,0.0000045613622837986400,67009798,61317033,2026-02-20 11:07:04 UTC
CCCCIQSDILITHMM7PBSLVDT5MISSY7R26MNZXCX4H7J5JQ5FPIYOGYFS,GDHUFCJ7ZRFNB2S6WUCKJXEREA54YVO7XN5AR655XYXUTY3QWMJMMULJ,0,174902596,174902596,0.0000044056168945361800,64721783,57474212,2025-06-10 01:18:53 UTC
CCCCIQSDILITHMM7PBSLVDT5MISSY7R26MNZXCX4H7J5JQ5FPIYOGYFS,GAYKKYTEHCRRLXLYQXDPTLWG2UEPUNR6WVHJTUGTWZ7MNMJ3U35SFDXU,149593591,0,149593591,0.0000037681090326637300,55356319,57971078,2025-07-12 17:19:22 UTC
CCCCIQSDILITHMM7PBSLVDT5MISSY7R26MNZXCX4H7J5JQ5FPIYOGYFS,GDW4ZDNWSLMKWKSHBTHKCURKMNFEWKNE2KYJ3XSNDMCC4UTNLJKRA5ZJ,143448670,0,143448670,0.0000036133247790715800,53082423,61320999,2026-02-20 17:31:47 UTC
CCCCIQSDILITHMM7PBSLVDT5MISSY7R26MNZXCX4H7J5JQ5FPIYOGYFS,GACRZYCNTZNZJFQDSWWEWZP64DVAI5D2HWIE5RGFKX4YFDKAIXSJLL5K,0,91159605,91159605,0.0000022962168948438300,33733131,61240550,2026-02-15 07:16:53 UTC
CCCCIQSDILITHMM7PBSLVDT5MISSY7R26MNZXCX4H7J5JQ5FPIYOGYFS,GBO7FPUTO6GSNS6C5A7CK374XMK7JL2GTUXNRU4MNJ72LWBOIB6WGTW2,0,80037378,80037378,0.0000020160594112118200,29617409,59265359,2025-10-07 00:54:35 UTC
CCCCIQSDILITHMM7PBSLVDT5MISSY7R26MNZXCX4H7J5JQ5FPIYOGYFS,GB2FFF2ING7XFX6OCPR5TJCGZOIR2VCXTTTQTXVKYB34YYYBB3MXQECQ,73529286,0,73529286,0.0000018521272528441100,27209124,58439552,2025-08-12 21:41:59 UTC
CCCCIQSDILITHMM7PBSLVDT5MISSY7R26MNZXCX4H7J5JQ5FPIYOGYFS,GAIEN22P6OOMJJQKHJKVMLHGJXSOCDZDUTMMABOWDDXU2X2Y5DCKZTXF,0,39532330,39532330,0.0000009957788215355000,14628730,58797549,2025-09-06 00:41:18 UTC
CCCCIQSDILITHMM7PBSLVDT5MISSY7R26MNZXCX4H7J5JQ5FPIYOGYFS,GAJO3OT3EOEHYNJM2R74UFO4NV4IPVFVTYCYEVNTUZOMTXON7A75YORE,23282157,9587124,32869281,0.0000008279434553667640,12163104,59201257,2025-10-02 19:28:51 UTC
CCCCIQSDILITHMM7PBSLVDT5MISSY7R26MNZXCX4H7J5JQ5FPIYOGYFS,GDWLVITTYYSTFDGWY2LQH6SHQTEB4O3IRLCDAEE5CGFLUM4E5C3SLVDI,21190461,0,21190461,0.0000005337659652839580,7841418,58056215,2025-07-18 09:57:37 UTC
CCCCIQSDILITHMM7PBSLVDT5MISSY7R26MNZXCX4H7J5JQ5FPIYOGYFS,GDAKRH4QWTW5HB5JZI2XV4UJOHBRXKIW5UXORALVLMQ4L33JZ5K7LZNP,19229476,0,19229476,0.0000004843707656499170,7115766,60370979,2025-12-19 11:55:44 UTC
CCCCIQSDILITHMM7PBSLVDT5MISSY7R26MNZXCX4H7J5JQ5FPIYOGYFS,GAMGCOLBE547IOABXNYIAE3ZJQBLXHYRF4Z6EM4LXBIEDF67X5YSABMK,0,16006072,16006072,0.0000004031765269988480,5922962,58580597,2025-08-22 09:10:47 UTC
CCCCIQSDILITHMM7PBSLVDT5MISSY7R26MNZXCX4H7J5JQ5FPIYOGYFS,GAPLXXBHMVBKUNOOOMR2OFHGSWNN5MYFJRMZOECOT6IKY5RV3UGWFVG7,13050418,0,13050418,0.0000003287266360618180,4829238,59752284,2025-11-08 08:35:12 UTC
CCCCIQSDILITHMM7PBSLVDT5MISSY7R26MNZXCX4H7J5JQ5FPIYOGYFS,GBVNOTDHHV7IO7HLEYVYMU257QFHVXXCGN7GIDE55ZBP5C4TBOIXVCD3,32673,9563811,9596484,0.0000002417255832986390,3551128,61323564,2026-02-20 21:37:59 UTC
CCCCIQSDILITHMM7PBSLVDT5MISSY7R26MNZXCX4H7J5JQ5FPIYOGYFS,GC5SD2MCVCWPB4AF26ZJIR367XOIVV3JIMY2EZPHKEJGEUEX5XSMXWZA,9389922,0,9389922,0.0000002365224985086960,3474691,60101624,2025-12-01 12:29:00 UTC
CCCCIQSDILITHMM7PBSLVDT5MISSY7R26MNZXCX4H7J5JQ5FPIYOGYFS,GAZN4BIQPNPPS2PW2NKAWW6K37RLRV47BWTLJACRZXQJ4DVBA3IFQMRY,7653392,0,7653392,0.0000001927810899714040,2832097,60591989,2026-01-03 03:40:47 UTC
CCCCIQSDILITHMM7PBSLVDT5MISSY7R26MNZXCX4H7J5JQ5FPIYOGYFS,GBEKLFZMC3TEVLRYGYIRLAYWTXBCX43UXXII3JD33FPLQWHRGHEDK6IZ,6106746,0,6106746,0.0000001538226645203210,2259769,61279777,2026-02-17 22:59:30 UTC
CCCCIQSDILITHMM7PBSLVDT5MISSY7R26MNZXCX4H7J5JQ5FPIYOGYFS,GCJ45ZYIXVRXI6OYHOD2OX766CNCTC5QTLREXIHRV6KOGIDKL33FLZQF,4014477,0,4014477,0.0000001011205556601740,1485536,59737149,2025-11-07 08:01:42 UTC
CCCCIQSDILITHMM7PBSLVDT5MISSY7R26MNZXCX4H7J5JQ5FPIYOGYFS,GCPN3LQOCEA6J7JV24E4FFL4BJTCWMZQQTABL2KWVJWCNEGONVWTUBAK,3021658,0,3021658,0.0000000761124639585705,1118149,61073277,2026-02-04 02:40:25 UTC
CCCCIQSDILITHMM7PBSLVDT5MISSY7R26MNZXCX4H7J5JQ5FPIYOGYFS,GA3GK6POT4ULRSLH3OHNHVOGVGFEUMAWHYEQDM6WNS5NAZ327OGL7II2,0,1606290,1606290,0.0000000404607965997516,594399,60904067,2026-01-23 15:44:38 UTC
CCCCIQSDILITHMM7PBSLVDT5MISSY7R26MNZXCX4H7J5JQ5FPIYOGYFS,GC5CQXTIRFSLTAXNYXOWTCUKQOCPSAAKJZPJYKDS4NP6PI3RHWRIGIPW,1138786,0,1138786,0.0000000286848506288682,421402,58106059,2025-07-21 17:05:55 UTC
CCCCIQSDILITHMM7PBSLVDT5MISSY7R26MNZXCX4H7J5JQ5FPIYOGYFS,GDQVYP5XGSF7F7YSGFGBACGT4EEDN4TXOMYNQISS4GT66X3PJGJOW53Z,994319,0,994319,0.0000000250458751621864,367942,61175602,2026-02-10 22:03:33 UTC
CCCCIQSDILITHMM7PBSLVDT5MISSY7R26MNZXCX4H7J5JQ5FPIYOGYFS,GACTXQR2PHJ72GNDIYR4W3Z2X54LCW3E5QKGLW6PTILDYBOUTSN44LB3,0,464435,464435,0.0000000116986410105309,171862,60556417,2025-12-31 19:10:17 UTC
CCCCIQSDILITHMM7PBSLVDT5MISSY7R26MNZXCX4H7J5JQ5FPIYOGYFS,GAUNQMIH6WOF7CRZWBTHIU4EZFOQEJSJE4PGXY673EFRCJKEQEXNNRPK,77601,0,77601,0.0000000019546895497932,28716,60663042,2026-01-07 20:28:55 UTC
CCCCIQSDILITHMM7PBSLVDT5MISSY7R26MNZXCX4H7J5JQ5FPIYOGYFS,GBCXNIUTZENFMJXI7Y4CVOK3OARE5GHAZPSZ2O6CRZYXW6CTR6T2IQFM,11143,0,11143,0.0000000002806807341831,4123,57931065,2025-07-10 00:56:11 UTC
CCCCIQSDILITHMM7PBSLVDT5MISSY7R26MNZXCX4H7J5JQ5FPIYOGYFS,GC4V7DAIR5QQ6OMQV2TNC22I54PNCKLXA6WW2VK4NFPR6H2XIGNF6MUZ,0,0,0,0.0000000000000000000000,0,61094445,2026-02-05 12:39:42 UTC
CCCCIQSDILITHMM7PBSLVDT5MISSY7R26MNZXCX4H7J5JQ5FPIYOGYFS,GDMY4247UFHZMP7SFQXZ5CBHOJMDVZQE3ENJM7JF7ZR4DQ2TWIPKZU3E,0,0,0,0.0000000000000000000000,0,61059721,2026-02-03 04:44:28 UTC
CCCCIQSDILITHMM7PBSLVDT5MISSY7R26MNZXCX4H7J5JQ5FPIYOGYFS,GANMIQKRY5IBWVW2LRSQENMM2QMYBZCA7JYDRKMLQFS5PRV34ZDWQBRO,0,0,0,0.0000000000000000000000,0,61040231,2026-02-01 21:15:29 UTC
CCCCIQSDILITHMM7PBSLVDT5MISSY7R26MNZXCX4H7J5JQ5FPIYOGYFS,GBUGHJ3PSF4WBN6CNBXJMKFFPUEH6JWP3H5WKZNDMGPRS2C72MGJU3JP,0,0,0,0.0000000000000000000000,0,60999659,2026-01-30 03:47:07 UTC
CCCCIQSDILITHMM7PBSLVDT5MISSY7R26MNZXCX4H7J5JQ5FPIYOGYFS,GABWDIZNURBP3DQYI7IUXU2GQSSZWY5R6FYDXX5NQ64QEUAUYFEGM57O,0,0,0,0.0000000000000000000000,0,60892939,2026-01-22 21:48:32 UTC
CCCCIQSDILITHMM7PBSLVDT5MISSY7R26MNZXCX4H7J5JQ5FPIYOGYFS,GDG7PTG6J62HPE74BVWNSQWTPSZKBXN6RRUKJRDEEXPSC2OTXXVLIANW,0,0,0,0.0000000000000000000000,0,60750571,2026-01-13 13:54:47 UTC
CCCCIQSDILITHMM7PBSLVDT5MISSY7R26MNZXCX4H7J5JQ5FPIYOGYFS,GB4DNA2POXXWS6ICI7PX7Z3MPKTIKXBLOK6OVQA7ANTF4EY6RAND6HHX,0,0,0,0.0000000000000000000000,0,60740602,2026-01-12 22:20:04 UTC
CCCCIQSDILITHMM7PBSLVDT5MISSY7R26MNZXCX4H7J5JQ5FPIYOGYFS,GCJ5SLDGO4MUP6ATCD6C42V74S5N2YLNPX77C7YY7G72EOVYIIHAXDN3,0,0,0,0.0000000000000000000000,0,60692741,2026-01-09 19:21:15 UTC
CCCCIQSDILITHMM7PBSLVDT5MISSY7R26MNZXCX4H7J5JQ5FPIYOGYFS,GDDVWZQIFSSZYXVYSHPJS4OCMCTAV524JXRQZRRK6GHQIPRII532H2Q4,0,0,0,0.0000000000000000000000,0,60239866,2025-12-10 17:51:27 UTC
CCCCIQSDILITHMM7PBSLVDT5MISSY7R26MNZXCX4H7J5JQ5FPIYOGYFS,GAC7ZDMD54QZV5FCK3MVLQWX3ITMEDDJOZMPVQQRWLFA2CERYAMS2QCX,0,0,0,0.0000000000000000000000,0,60184096,2025-12-07 00:09:16 UTC
CCCCIQSDILITHMM7PBSLVDT5MISSY7R26MNZXCX4H7J5JQ5FPIYOGYFS,GBNS6YZ3AQPXC4ARDN2M5G2BPK6C2UKSX6CZVMYGXJJYFAREJ5ML7KDA,0,0,0,0.0000000000000000000000,0,59963370,2025-11-22 08:59:49 UTC
CCCCIQSDILITHMM7PBSLVDT5MISSY7R26MNZXCX4H7J5JQ5FPIYOGYFS,GDWVCBP4YIM43QE2VBVIEI666B4KBUZ6I7NNOENMXDF54EY36ID5OO6D,0,0,0,0.0000000000000000000000,0,59948987,2025-11-21 10:02:04 UTC
CCCCIQSDILITHMM7PBSLVDT5MISSY7R26MNZXCX4H7J5JQ5FPIYOGYFS,GCYVR6JS6DLRAFF2HEC6LN7J6H6JS2VMERCTGV64RESTZAJMOHB5RHU7,0,0,0,0.0000000000000000000000,0,59899107,2025-11-18 02:59:23 UTC
CCCCIQSDILITHMM7PBSLVDT5MISSY7R26MNZXCX4H7J5JQ5FPIYOGYFS,GC2CNV3ZP2ARORYJMPFYO56LJVVMN2QLLVCICQD24B3QMDZ5FQZVJOM7,0,0,0,0.0000000000000000000000,0,59847615,2025-11-14 17:14:40 UTC
CCCCIQSDILITHMM7PBSLVDT5MISSY7R26MNZXCX4H7J5JQ5FPIYOGYFS,GCEYAIUTMF6N2P3Q3ZUGQO6XF2OM7WHMAV6GNMAVQRIJSNNL5PBSUQMN,0,0,0,0.0000000000000000000000,0,59791262,2025-11-10 23:24:31 UTC
CCCCIQSDILITHMM7PBSLVDT5MISSY7R26MNZXCX4H7J5JQ5FPIYOGYFS,GA3FXHBMRVNTNPSOA46WTTLNAKJTKD7HOQCZ62WYOK4KJTIC46ZLITVC,0,0,0,0.0000000000000000000000,0,59578691,2025-10-27 19:48:38 UTC
CCCCIQSDILITHMM7PBSLVDT5MISSY7R26MNZXCX4H7J5JQ5FPIYOGYFS,GCNECWN5VZLRDQLMRXMK6UPPWAYQVDGKRF6GEMUNJBB7OB4DD47LUFSO,0,0,0,0.0000000000000000000000,0,59462399,2025-10-20 03:22:14 UTC
CCCCIQSDILITHMM7PBSLVDT5MISSY7R26MNZXCX4H7J5JQ5FPIYOGYFS,GBT22L436N5CRQQG52E46FJMDIPQW664Z5ABWQK3QZMHQ5HUDUIB4IJS,0,0,0,0.0000000000000000000000,0,59442769,2025-10-18 20:19:19 UTC
CCCCIQSDILITHMM7PBSLVDT5MISSY7R26MNZXCX4H7J5JQ5FPIYOGYFS,GCHOTARKTHBMX4SZTE4ARWCXBHJOJRKDTNRYMXF3INFHCWDE5XH3GH4D,0,0,0,0.0000000000000000000000,0,59400831,2025-10-16 01:34:08 UTC
CCCCIQSDILITHMM7PBSLVDT5MISSY7R26MNZXCX4H7J5JQ5FPIYOGYFS,GCLMKVBTZFOR2KPHXWCEAJD6WUHAJP6FOVPRIK36KSS6EYN7O67POZNW,0,0,0,0.0000000000000000000000,0,59327977,2025-10-11 05:35:34 UTC
CCCCIQSDILITHMM7PBSLVDT5MISSY7R26MNZXCX4H7J5JQ5FPIYOGYFS,GBEQD6ZCDPP5WUCGSNYE66PZR4OGWTTFU3Z72FS5YTK2DJVLRNQWVWJH,0,0,0,0.0000000000000000000000,0,59320598,2025-10-10 17:37:11 UTC
CCCCIQSDILITHMM7PBSLVDT5MISSY7R26MNZXCX4H7J5JQ5FPIYOGYFS,GA4A57QMVCHIHVLHHF2VDYDTXBCVADMDKXGIBH4A3LRTUOZVBP63EAUH,0,0,0,0.0000000000000000000000,0,59153723,2025-09-29 16:16:57 UTC
CCCCIQSDILITHMM7PBSLVDT5MISSY7R26MNZXCX4H7J5JQ5FPIYOGYFS,GDPTWFQJ2OOY7XVQTMFTLCR5SD472LA75W6NVBWIAKXKNKTKEHYA272N,0,0,0,0.0000000000000000000000,0,59122523,2025-09-27 15:07:32 UTC
CCCCIQSDILITHMM7PBSLVDT5MISSY7R26MNZXCX4H7J5JQ5FPIYOGYFS,GCII3J2EMDREBKEQQQFSVJAE7JCCA4MEOYKCTGVD6UKIKEB2FZCSACCG,0,0,0,0.0000000000000000000000,0,58986859,2025-09-18 15:40:46 UTC
CCCCIQSDILITHMM7PBSLVDT5MISSY7R26MNZXCX4H7J5JQ5FPIYOGYFS,GDK4G6UJ4L3Q7YE7VAXBHCLKKLLITBXCV27OKSFZIM3OKHQ2DY665RY3,0,0,0,0.0000000000000000000000,0,58806238,2025-09-06 14:28:20 UTC
CCCCIQSDILITHMM7PBSLVDT5MISSY7R26MNZXCX4H7J5JQ5FPIYOGYFS,GBPPNPFEGTNSH5NYM74XNHLIRSGS5KQCTXQGINBDFEOACDEHKQP2HPI4,0,0,0,0.0000000000000000000000,0,58797614,2025-09-06 00:47:29 UTC
CCCCIQSDILITHMM7PBSLVDT5MISSY7R26MNZXCX4H7J5JQ5FPIYOGYFS,GALQD6OACZMX3HVVWGMKPCA6ITVFVTXDANSKU67KSGWOYWXCAWWCCLVW,0,0,0,0.0000000000000000000000,0,58746724,2025-09-02 15:44:09 UTC
CCCCIQSDILITHMM7PBSLVDT5MISSY7R26MNZXCX4H7J5JQ5FPIYOGYFS,GCS253FFF5SFKRJ3EJBKIOK2UY4ZST3PXZTJPFAJWUACWFRGZ64P2CIG,0,0,0,0.0000000000000000000000,0,58740252,2025-09-02 05:24:02 UTC
CCCCIQSDILITHMM7PBSLVDT5MISSY7R26MNZXCX4H7J5JQ5FPIYOGYFS,GAYLXOVHX6DHKHGND5DDKZRPAUDQCMCI4DIXCQDB473RHZBHEZ5MLTZP,0,0,0,0.0000000000000000000000,0,58521547,2025-08-18 10:04:03 UTC
CCCCIQSDILITHMM7PBSLVDT5MISSY7R26MNZXCX4H7J5JQ5FPIYOGYFS,GAEFA3JFZP3ELPN7JB5S2VEPKB2ZUBVSYLLTARYEGBDIMXGE4CNJRZQL,0,0,0,0.0000000000000000000000,0,58422359,2025-08-11 18:01:15 UTC
CCCCIQSDILITHMM7PBSLVDT5MISSY7R26MNZXCX4H7J5JQ5FPIYOGYFS,GA2EJJUCLSOKMB7JCYQ3V7JCGPIJKDSPZUWPAQRGEPD7CGU6FAMUDWYY,0,0,0,0.0000000000000000000000,0,58325480,2025-08-05 06:07:40 UTC
CCCCIQSDILITHMM7PBSLVDT5MISSY7R26MNZXCX4H7J5JQ5FPIYOGYFS,GDXFWL6NSDAZ34XJNJDVNJBSLAYS6VXDIVVSK76Q5EZWOYBH72GXFQFI,0,0,0,0.0000000000000000000000,0,58093415,2025-07-20 21:01:11 UTC
CCCCIQSDILITHMM7PBSLVDT5MISSY7R26MNZXCX4H7J5JQ5FPIYOGYFS,GDSRQHRDLZOQJWY3Y2AWFLPQNL5BIVKO6DZD6TPLJXLYIRN27LUAJE2J,0,0,0,0.0000000000000000000000,0,58079406,2025-07-19 22:43:13 UTC
CCCCIQSDILITHMM7PBSLVDT5MISSY7R26MNZXCX4H7J5JQ5FPIYOGYFS,GCIBJKVFUXB5577F7B5XCEJJJOWXIHRBOROWNR6L3QDZKZEIQ6LSHAN5,0,0,0,0.0000000000000000000000,0,58079217,2025-07-19 22:25:00 UTC
CCCCIQSDILITHMM7PBSLVDT5MISSY7R26MNZXCX4H7J5JQ5FPIYOGYFS,GD6KB4YPGKONGKSPRVEOUDLSCIAD42XHCB4QWLR5AGNF2ET5T2OUZZQT,0,0,0,0.0000000000000000000000,0,58030067,2025-07-16 15:49:53 UTC
CCCCIQSDILITHMM7PBSLVDT5MISSY7R26MNZXCX4H7J5JQ5FPIYOGYFS,GDM4NMWIU44ZU5LWO75FNEH6S4YRA5WQ7ZNA4XFTMSRWC33WLK725C62,0,0,0,0.0000000000000000000000,0,57959046,2025-07-11 21:51:06 UTC
CCCCIQSDILITHMM7PBSLVDT5MISSY7R26MNZXCX4H7J5JQ5FPIYOGYFS,GCA5FO3FLUVS2MOPVECPVQ6V3J5YSSQBL2ANPDYHIHRBSPPX5TLIMSX6,0,0,0,0.0000000000000000000000,0,57864287,2025-07-05 15:02:36 UTC